,Alien taxon involved?,Wild formed,Hybrid Ploidy,Hybrid Chromosome number,Parent A,Parent B,Ploidy A,Chromosome number A,Ploidy B,Chromosome Number B,Within/Between Species,Is hybrid a species?,Within/Between ploidy level,Notes?,Hybrid Name,Aneuploidy,"Unless otherwise stated, ploidy estimates are from either the book, or The Kew database",Hybrid species name,Hybrid species nature
1,No,NA,Diploid,34,Nuphar lutea,Nuphar pumila,2,34,2,34,Between,No,Within,http://www.sciencedirect.com/science/article/pii/S0304377007001350,,NA,NA,,
2,,NA,Triploid,28,Papaver rhoeas,Papaver dubium,2,14,4,28,Between,No,Between,,Papaver x hungaricum,NA,NA,,
4,,NA,Hexaploid,48?,Fumaria bastardii,Fumaria muralis,6,48,6,48,Between,No,Within,"Fumaria, assuming that base n=8, which it may not beÄ check with Alex",,NA,NA,,
5,,NA,,,Fumaria parviflora,Fumaria officinalis,Unknown,32,Multiple,"32, 48",Between,No,Within or Between,,,NA,NA,,
6,,NA,Tetraploid,32,Ranunculus flammula,Ranunculus reptans,4,32,4,"32, 48",Between,No,Within,,,NA,NA,,
7,,NA,Pentaploid,40,Ranunculus omiophyllus,Ranunculus tripartitus,4,32,6,48,Between,No,Between,,Ranunculus novae-forestae,NA,NA,,
8,,NA,Hexaploid,48,Ranunculus omiophyllus,Ranunculus peltatus,4,32,6,48,Between,Maybe,Between,Potentially an amphidiploid (technically amphitriploid). Though unconfirmed. Variation in ploidy of both parentsÄ,,NA,NA,,
9,,NA,Hexaploid,48,Ranunculus tripartitus,Ranunculus aquatilis,6,48,6,48,Between,No,Within,"Two other hybrids, tripartitus (2n=48) x baudotii (2n=32) and tripartitus (2n=48) x peltatus (2n=48) are ascribed to the hybrid on this row",,NA,NA,,
10,,NA,Tetraploid,32,Ranunculus peltatus,Ranunculus trichophyllus,4,32,4,32,Between,No,Within,,,NA,NA,,
11,,NA,Pentaploid,40,Ranunculus peltatus,Ranunculus aquatilis,4,32,6,48,Between,No,Between,,,NA,NA,,
12,,NA,Tetraploid,32,Ranunculus peltatus,Ranunculus peltatus,4,32,6,48,Between,No,Between,,,NA,NA,,
13,,NA,Pentaploid,40,Ranunculus trichophyllus,Ranunculus aquatilis,4,32,6,48,Between,No,Between,,,NA,NA,,
15,,NA,Triploid,24,Ranunculus fluitans,Ranunculus trichophyllus,2,16,4,32,Between,No,Between,,,NA,NA,,
16,,NA,Pentaploid,40,Ranunculus fluitans,Ranunculus aquatilis,4,32,6,48,Between,No,Between,,,NA,NA,,
17,,NA,,,Ranunculus trichophyllus,Ranunculus circinatus,4,32,2,16,Between,No,Between,,,NA,NA,,
18,,NA,Hexaploid,48,Ranunculus aquatilis,Ranunculus peltatus,6,48,6,48,Between,No,Within,,,NA,NA,,
19,,NA,Pentaploid,40,Ranunculus peltatus,Ranunculus fluitans,6,48,4,32,Between,No,Between,,,NA,NA,,
20,,NA,,,Ranunculus fluitans,Ranunculus circinatus,2,16,2,16,Between,No,Within,circiniatus can also occur as a tetraploid.,,NA,NA,,
21,,NA,Diploid,42,Platanus occidentalis,Platanus orientalis,2,42,2,42,Between,No,Within,,,NA,NA,,
22,,NA,Diploid,14,Astilbe japonica,Astilbe rubra,2,14,2,14,Between,No,Within,https://theses.lib.vt.edu/theses/available/etd-06282006-151157/unrestricted/LastTraderDissertation.pdf,,NA,NA,,
23,,NA,Diploid,34,Bergenia crassifolia,Bergenia crassifolia,2,34,2,34,Between,No,Within,https://www.hindawi.com/journals/jb/2013/248943/,,NA,NA,,
24,,NA,Diploid,34,Bergenia crassifolia,Bergenia ciliata,2,34,2,34,Between,No,Within,as above,,NA,NA,,
25,,NA,Tetraploid,28,Saxifraga umbrosa,Saxifraga spathularis,4,28,4,28,Between,No,Within,http://onlinelibrary.wiley.com/store/10.1111/j.1601-5223.1940.tb03246.x/asset/j.1601-5223.1940.tb03246.x.pdf?v=1&t=j0v4q0nh&s=f867fb06f58ec675936efc3e46a7189b35b15ecb base number n=7?,,NA,NA,,
26,,NA,Tetraploid,28,Saxifraga umbrosa,Saxifraga hirsuta,4,28,4,28,Between,No,Within,as above,,NA,NA,,
27,,NA,Tetraploid,28,Saxifraga spathularis,Saxifraga hirsuta,4,28,4,28,Between,No,Within,as above,,NA,NA,,
28,,NA,,,Saxifraga hypnoides,Saxifraga rosacea,Multiple,"26, 48, 52, 64",Multiple,"48, 52, 64",Between,No,Within or Between,?,,NA,NA,,
29,,NA,,,Saxifraga hypnoides,Saxifraga tridactylites,Multiple,"26, 48, 52, 64",Unknown,22,Between,No,Within or Between,?,,NA,NA,,
30,,NA,,,Hylotelephium spectabile,Hylotelephium telephium,Multiple,"50, 51",Multiple,"24, 26",Between,No,,Need to find ploidy estimates,,NA,NA,,
31,,NA,,,Parthenocissus quinquefolia,Parthenocissus inserta,Unknown,40 (russian book),Unknown,40 (russian book),Between,No,,No ploidy estimates,,NA,NA,,
32,,NA,Triploid,45,Ononis spinosa,Ononis spinosa,4,60,2,30,Between,No,,,Ononis x pseudohircinia,1,NA,,
33,,NA,,,Lupinus arboreus,Lupinus polyphyllus,Multiple,"40, 48",Unknown,48,Between,No,Within,"no ploidy info; excluded triple hybrid, which is this hybrid x nootkatensis",,NA,NA,,
34,,NA,,,Lupinus polyphyllus,Lupinus nootkatensis,Unknown,48,Unknown,48,Between,No,Within,,,NA,NA,,
35,,NA,Tetraploid,48,Laburnum anagyroides,Laburnum alpinum,4,48,4,48,Between,No,Within,,,NA,NA,,
36,,NA,Pentaploid,80,Ulex europaeus,Ulex gallii,6,96,4,"64, 96",Between,No,Within or Between,,,NA,NA,,
37,,NA,Triploid,48,Ulex gallii,Ulex minor,4,64,2,32,Between,No,,,,NA,NA,,
38,,NA,Triploid,51,Polygala vulgaris,Polygala calcarea,4,68,2,34,Between,?,,"Introgression from P.calcarea into P.vulgaris, unreduced gametes of calcarea?",,NA,NA,,
39,,NA,Triploid,51,Polygala vulgaris,Polygala amarella,4,68,2,34,Between,No,,,,NA,NA,,
40,,NA,Tetraploid,36,Spiraea salicifolia,Spiraea alba,4,36,4,36,Between,No,Within,https://link.springer.com/article/10.1007/BF03030463,,NA,NA,,
41,,NA,Tetraploid,36,Spiraea salicifolia,Spiraea douglasii,4,36,4,36,Between,No,Within,,,NA,NA,,
42,,NA,Pentaploid,54,Spiraea alba,Spiraea douglasii,4,36,4,36,Between,No,Within,Pentaploid or slightly less (n=45),,NA,NA,,
43,,NA,,,Spiraea douglasii,Spiraea canescens,4,36,2 or 4,"18, 36",Between,No,Within or Between,,,NA,NA,,
44,,NA,Triploid,24,Prunus spinosa,Prunus cerasifera,4,32,2,16,Between,Yes,,Triploid hybrid supposed to have produced Prunus domestica by chromosome doubling?,,NA,NA,,
45,,NA,Pentaploid,40,Prunus spinosa,Prunus domestica,4,32,6,48,Between,No,,"Prunus domestica x insititia , the latter species and this hybrid are now considered subsp of domestica",,NA,NA,,
46,,NA,Diploid,34,Chaenomeles speciosa,Chaenomeles japonica,2,34,2,34,Between,No,Within,https://www.hort.purdue.edu/newcrop/ncnu02/pdf/rumpunen.pdf,,NA,NA,,
48,,NA,Diploid,34?,Malus sylvestris,Malus pumila,2,34,2,34,Between,No,Within,"http://www.nature.com/ng/journal/v42/n10/full/ng.654.html Reason to believe that n=17 is consistent throughout the pyreae, and the apples are diploid. This hybrid not yet found in UK",,NA,NA,,
49,,NA,Triploid,51,Sorbus aucuparia,Sorbus intermedia,2,34,4,68,Between,No,,,,NA,NA,,
50,,NA,Tetraploid,Flow cytometry,Sorbus aucuparia,Sorbus minima,2,34,3,51,Between,No,,,,NA,NA,,
51,,NA,Tetraploid,Flow cytometry,Sorbus aucuparia,Sorbus leyana,2,34,3,Flow cytometry,Between,No,,,,NA,NA,,
52,,NA,Diploid,Flow cytometry,Sorbus aucuparia,Sorbus aria,2,34,2,34,Between,No,Within,,,NA,NA,,
53,,NA,,,Sorbus aucuparia,Sorbus scalaris,2,34,2,34,Between,No,Within,,,NA,NA,,
54,,NA,Triploid,Flow cytometry,Sorbus aria,Sorbus eminens,2,34,4,68,Between,No,,,,NA,NA,,
55,,NA,Triploid,Flow cytometry,Sorbus aria,Sorbus eminentiformis,2,34,4,68,Between,No,,,,NA,NA,,
56,,NA,Triploid,Flow cytometry,Sorbus aria,Sorbus porrigentiformis,2,34,4,68,Between,No,,,,NA,NA,,
57,,NA,Tetraploid,Nuclear satellite data,Sorbus aria,Sorbus bristoliensis,2,34,3,51,Between,No,,,,NA,NA,,
58,,NA,Diploid,34,Sorbus aria,Sorbus torminalis,2,34,2,34,Between,No,Within,,,NA,NA,,
59,,NA,Triploid,Flow cytometry,Sorbus porrigentiformis,Sorbus torminalis,4,68,2,34,Between,No,,,,NA,NA,,
60,,NA,,,Sorbus rupicola,Sorbus torminalis,4,68 (Russian book Liljefors 1934),2,34,Between,No,?,,,NA,NA,,
62,,NA,Diploid,34,Cotoneaster frigidus,Cotoneaster salicifolius,2,34,2,34,Between,No,Within,,,NA,NA,,
63,,NA,Diploid,34,Cotoneaster salicifolius,Cotoneaster dammeri,2,34,2,34,Between,No,Within,,,NA,NA,,
64,,NA,Diploid,34,Cotoneaster dammeri,Cotoneaster conspicuus,Dipoid,34,2,34,Between,No,Within,,,NA,NA,,
65,,NA,,,Pyracantha coccinea,Pyracantha rogersiana,2,34,Unknown,,Between,No,,,,NA,NA,,
66,,NA,Diploid,34,Mespilus germanica,Crataegus laevigata,2,34,2,34,Between,No,Within,Also tetraploid laevigata in leitch excel,,NA,NA,,
67,,NA,Diploid,34,Crataegus monogyna,Crataegus laevigata,2,34,2,34,Between,No,Within,,,NA,NA,,
68,,NA,Diploid,34,Crataegus monogyna,Crataegus heterophylla,2,34,2,34,Between,No,Within,,,NA,NA,,
69,,NA,Triploid,51,Crataegus monogyna,Crataegus rhipidophylla,2,34,4,68,Between,No,,Crataegus rhipidophylla also had a count for 2n=51,,NA,NA,,
70,,NA,,,Crataegus rhipidophylla,Crataegus laevigata,Multiple,"32, 34 (Russian book)",2,34,Between,No,,,,NA,NA,,
71,,NA,Diploid,14,Rubus odoratus,Rubus parviflorus,2,14,2,14,Between,No,Within,,,NA,NA,,
72,,NA,Diploid,14,Rubus idaeus,Rubus phoenicolasius,2,14,2,14,Between,No,Within,,,NA,NA,,
73,,NA,Diploid,14,Rubus idaeus,Rubus cockburnianus,2,14,2,14,Between,No,Within,,,NA,NA,,
74,,NA,Triploid,35,Rubus idaeus,Rubus caesius,2,14,4,28,Between,No,,,,NA,NA,,
75,,NA,Diploid,14,Rubus idaeus,Rubus ulmifolius,2,14,2,14,Between,No,Within,Many other presumed hybrids of idaeus x fruticosus agg.,,NA,NA,,
76,,NA,Triploid,21,Rubus ulmifolius,Rubus caesius,2,14,4,28,Between,No,,,,NA,NA,,
77,,NA,,"49, 61-64",Potentilla crantzii,Potentilla verna,Multiple,"42, 49, 56, 63, 70",Multiple,"42, 49",Between,No,Within or Between,Don't know what to do with all the numbers!,,NA,NA,,
78,,NA,Hexaploid,42,Potentilla erecta,Potentilla anglica,4,28,8,56,Between,No,,"Four copies of erecta, two of reptans. Anglica is an octoploid of equal copies of erecta and reptans.",,NA,NA,,
79,,NA,Hexaploid,42,Potentilla anglica,Potentilla reptans,8,56,4,28,Between,No,,"Four copies of reptans, two of erecta",,NA,NA,,
80,,NA,Tetraploid,28,Potentilla erecta,Potentilla reptans,4,28,4,28,Between,No,Within,Potentilla anglica is the allooctoploid derivative of this hybrid.,,NA,NA,,
81,,NA,Hexaploid,42,Geum rivale,Geum urbanum,6,42,6,42,Between,No,Within,https://www.ufz.de/export/data/2/92106_MEN_4_209_Arens_et_al.pdf,,NA,NA,,
82,,NA,Hexaploid,42,Geum urbanum,Geum macrophyllum,6,42,6,42,Between,No,Within,,,NA,NA,,
83,,NA,Triploid,42,Agrimonia eupatoria,Agrimonia procera,2,28,4,56,Between,No,Between,https://link.springer.com/article/10.1007/s00709-013-0581-0,,NA,NA,,
84,,NA,Diploid,42,Acaena anserinifolia,Acaena inermis,2,42,2,42,Between,No,Within,https://florabase.dpaw.wa.gov.au/browse/profile/21504 base is n=21??,,NA,NA,,
85,,NA,,,Rosa multiflora,Rosa rubiginosa,2,"14 (Russian book, various studies)",5,"35 (Russian book, various studies)",Between,No,,"Rosa will be a special case, because even between ploidy levels, the unbalanced polyploid will only ever donate a haploid genome to the male gametophyte",,NA,NA,,
86,,NA,,,Rosa arvensis,Rosa rugosa,2,14,Multiple,"14, 28",Between,No,Within or Between,,,NA,NA,,
87,,NA,,,Rosa arvensis,Rosa stylosa,2,14,Multiple,"35, 42",Between,No,Between,,,NA,NA,,
88,,NA,,,Rosa arvensis,Rosa canina,2,14,5,35,Between,No,Between,,,NA,NA,,
89,,NA,,,Rosa arvensis,Rosa caesia,2,14,5,35,Between,No,Between,,,NA,NA,,
90,,NA,,,Rosa arvensis,Rosa tomentella,2,14,5,35,Between,No,Between,,,NA,NA,,
91,,NA,,,Rosa arvensis,Rosa tomentosa,2,14,5,35,Between,No,Between,,,NA,NA,,
92,,NA,,,Rosa arvensis,Rosa sherardii,2,14,Multiple,"28, 35, 42",Between,No,Between,,,NA,NA,,
93,,NA,,,Rosa arvensis,Rosa rubiginosa,2,14,5,35,Between,No,Between,,,NA,NA,,
94,,NA,,,Rosa arvensis,Rosa micrantha,2,14,Multiple,"35, 42",Between,No,Between,,,NA,NA,,
95,,NA,,,Rosa spinosissima,Rosa rugosa,4,28,Multiple,"14, 28",Between,No,Within or Between,,,NA,NA,,
96,,NA,,,Rosa spinosissima,Rosa canina,4,28,5,35,Between,No,Between,,,NA,NA,,
97,,NA,,,Rosa spinosissima,Rosa caesia,4,28,5,35,Between,No,Between,,,NA,NA,,
98,,NA,,,Rosa spinosissima,Rosa tomentosa,4,28,5,35,Between,No,Between,,,NA,NA,,
99,,NA,,,Rosa spinosissima,Rosa sherardii,4,28,Multiple,"28, 35, 42",Between,No,Within or Between,,,NA,NA,,
100,,NA,,,Rosa spinosissima,Rosa mollis,4,28,Multiple,"28, 56",Between,No,Within or Between,,,NA,NA,,
101,,NA,,,Rosa spinosissima,Rosa rubiginosa,4,28,5,35,Between,No,Between,,,NA,NA,,
102,,NA,,,Rosa spinosissima,Rosa agrestis,4,28,Unknown,,Between,No,,Indeterminate Sweet briar hybrid,,NA,NA,,
103,,NA,,,Rosa rugosa,Rosa canina,Multiple,"14, 28",5,35,Between,No,Between,,,NA,NA,,
104,,NA,,,Rosa stylosa,Rosa canina,Multiple,"35, 42",5,35,Between,No,Within or Between,,,NA,NA,,
105,,NA,,,Rosa stylosa,Rosa caesia,Multiple,"35, 42",5,35,Between,No,Within or Between,,,NA,NA,,
106,,NA,,,Rosa stylosa,Rosa tomentella,Multiple,"35, 42",5,35,Between,No,Within or Between,,,NA,NA,,
108,,NA,,,Rosa stylosa,Rosa rubiginosa,Multiple,"35, 42",5,35,Between,No,Within or Between,,,NA,NA,,
109,,NA,,,Rosa stylosa,Rosa agrestis,Multiple,"35, 42",Multiple,"35, 42",Between,No,Within or Between,,,NA,NA,,
110,,NA,Pentaploid,35,Rosa canina,Rosa caesia,5,35,5,35,Between,No,Within,,,NA,NA,,
111,,NA,,,Rosa canina,Rosa tomentella,5,35,5,35,Between,No,Within,,,NA,NA,,
112,,NA,Pentaploid,35,Rosa canina,Rosa tomentosa,5,35,5,35,Between,No,Within,,,NA,NA,,
113,,NA,,,Rosa canina,Rosa sherardii,5,35,Multiple,"28, 35, 42",Between,No,Within or Between,,,NA,NA,,
114,,NA,,,Rosa canina,Rosa mollis,5,35,Multiple,"28, 56",Between,No,Between,,,NA,NA,,
115,,NA,Pentaploid,35,Rosa canina,Rosa rubiginosa,5,35,5,35,Between,No,Within,,,NA,NA,,
116,,NA,,,Rosa canina,Rosa micrantha,5,35,Multiple,"35, 42",Between,No,Within or Between,,,NA,NA,,
117,,NA,,,Rosa canina,Rosa agrestis,5,35,Multiple,"35, 42",Between,No,Within or Between,,,NA,NA,,
118,,NA,Pentaploid,35,Rosa caesia,Rosa tomentella,5,35,5,35,Between,No,Within,,,NA,NA,,
119,,NA,Pentaploid,35,Rosa caesia,Rosa tomentosa,5,35,5,35,Between,No,Within,,,NA,NA,,
120,,NA,,,Rosa caesia,Rosa sherardii,5,35,Multiple,"28, 35, 42",Between,No,Within or Between,,,NA,NA,,
121,,NA,,,Rosa caesia,Rosa mollis,5,35,Multiple,"28, 56",Between,No,Between,,,NA,NA,,
122,,NA,Pentaploid,35,Rosa caesia,Rosa rubiginosa,5,35,5,35,Between,No,Within,,,NA,NA,,
123,,NA,,,Rosa caesia,Rosa micrantha,5,35,Multiple,"35, 42",Between,No,Within or Between,,,NA,NA,,
124,,NA,Pentaploid,35,Rosa tomentella,Rosa tomentosa,5,35,5,35,Between,No,Within,,,NA,NA,,
125,,NA,,,Rosa tomentella,Rosa sherardii,5,35,Multiple,"28, 35, 42",Between,No,Within or Between,,,NA,NA,,
126,,NA,Pentaploid,35,Rosa tomentella,Rosa rubiginosa,5,35,5,35,Between,No,Within,,,NA,NA,,
127,,NA,,,Rosa tomentella,Rosa micrantha,5,35,Multiple,"35, 42",Between,No,Within or Between,,,NA,NA,,
128,,NA,,,Rosa tomentosa,Rosa sherardii,5,35,Multiple,"28, 35, 42",Between,No,Within or Between,,,NA,NA,,
129,,NA,,,Rosa tomentosa,Rosa mollis,5,35,Multiple,"28, 56",Between,No,Between,,,NA,NA,,
130,,NA,Pentaploid,35,Rosa tomentosa,Rosa rubiginosa,5,35,5,35,Between,No,Within,,,NA,NA,,
131,,NA,,,Rosa tomentosa,Rosa micrantha,5,35,Multiple,"35, 42",Between,No,Within or Between,,,NA,NA,,
132,,NA,,,Rosa tomentosa,Rosa agrestis,5,35,Multiple,"35, 42",Between,No,Within or Between,,,NA,NA,,
133,,NA,,,Rosa sherardii,Rosa mollis,Multiple,"28, 35, 42",Multiple,"28, 56",Between,No,Within or Between,,,NA,NA,,
134,,NA,,,Rosa sherardii,Rosa rubiginosa,Multiple,"28, 35, 42",5,35,Between,No,Within or Between,,,NA,NA,,
135,,NA,,,Rosa sherardii,Rosa micrantha,Multiple,"28, 35, 42",Multiple,"35, 42",Between,No,Within or Between,,,NA,NA,,
136,,NA,,,Rosa sherardii,Rosa agrestis,Multiple,"28, 35, 42",Multiple,"35, 42",Between,No,Within or Between,,,NA,NA,,
137,,NA,,,Rosa mollis,Rosa rubiginosa,Multiple,"28, 56",5,35,Between,No,Between,,,NA,NA,,
138,,NA,,,Rosa rubiginosa,Rosa micrantha,5,35,Multiple,"35, 42",Between,No,Within or Between,,,NA,NA,,
139,,NA,,,Rosa micrantha,Rosa agrestis,Multiple,"35, 42",Multiple,"35, 42",Between,No,Within or Between,,,NA,NA,,
140,,NA,,,Elaeagnus macrophylla,Elaeagnus pungens,Unknown,,2,28,Between,No,,No info on macrophylla ploidy/chromosomes,,NA,NA,,
141,,NA,Diploid,28,Ulmus glabra,Ulmus minor,2,28,2,28,Between,No,Within,,,NA,NA,,
142,,NA,Diploid,28,Ulmus glabra,Ulmus minor,2,28,2,28,Between,No,Within,Also a triple hybrid with x Ulmus plotii,,NA,NA,,
143,,NA,Diploid,28,Ulmus glabra,Ulmus minor,2,28,2,28,Between,No,Within,,,NA,NA,,
144,,NA,Diploid,28,Ulmus minor,Ulmus minor,2,28,2,28,Between,No,Within,,,NA,NA,,
145,,NA,Diploid,28,Ulmus minor,Ulmus minor,2,28,2,28,Between,No,Within,,,NA,NA,,
146,,NA,Diploid,26,Nothofagus obliqua,Nothofagus alpina,2,26,2,26,Between,No,Within,,,NA,NA,,
147,,NA,Diploid,24,Quercus cerris,Quercus suber,2,24,2,24,Between,No,Within,,,NA,NA,,
149,,NA,Diploid,24,Quercus petraea,Quercus robur,2,24,2,24,Between,No,Within,,,NA,NA,,
151,,NA,Triploid,26-56 (expected 42),Betula pendula,Betula pubescens,2,28,4,56,Between,No,Between,Maybe see Atkinson 1992 (biological flora of the british isles),,NA,NA,,
152,,NA,Triploid,37-42 (in Scotland),Betula pubescens,Betula nana,4,56,2,28,Between,No,Between,,,NA,NA,,
153,,NA,Diploid,28,Alnus glutinosa,Alnus incana,2,28,2,28,Between,No,Within,,,NA,NA,,
154,,NA,,,Alnus glutinosa,Alnus cordata,2,28,Multiple,"28, 42",Between,No,?,,,NA,NA,,
155,,NA,,,Alnus incana,Alnus cordata,2,28,Multiple,"28, 42",Between,No,,,,NA,NA,,
156,,NA,,,Corylus avellana,Corylus maxima,2,22,2,22,Between,No,Within,Corylus maxima also occurs at 2n=28,,NA,NA,,
157,,NA,Diploid,16,Euphorbia portlandica,Euphorbia paralias,2,16,2,16,Between,No,Within,,,NA,NA,,
158,,NA,Diploid,60,Euphorbia esula,Euphorbia esula,Unknown,,2,60,Between,No,Within or Between,"http://www.nrcresearchpress.com/doi/abs/10.1139/b88-307#.WN0mQRLyuRs Euphorbia esula also occurs as a 2n=20, 50 or 60.",,NA,NA,,
159,,NA,,,Euphorbia esula,Euphorbia cyparissias,Multiple,"20, 40",Multiple,"20, 40",Between,No,,,,NA,NA,,
160,,NA,,50,Euphorbia esula,Euphorbia cyparissias,6,60,Multiple,"20, 40",Between,No,,as above,,NA,NA,,
161,,NA,Diploid or Triploid,"38, 57",Populus alba,Populus tremula,Multiple,"38, 57",2,38,Between,No,Within or Between,http://onlinelibrary.wiley.com/store/10.1111/j.1601-5223.1940.tb03241.x/asset/j.1601-5223.1940.tb03241.x.pdf?v=1&t=j13msp7k&s=a41d56a9fa817e97a4d4bcc1aef0a13a9f575dda,,NA,NA,,
162,,NA,Diploid,"38, 57",Populus nigra,Populus deltoides,Multiple,"38, 57",2,38,Between,No,Within,Also a triple hybrid with x Populus balsamifera (2n=38 as well),,NA,NA,,
163,,NA,Diploid,38,Populus nigra,Populus laurifolia,2,38,2,38,Between,No,Within,Populus nigra 'Italica',,NA,NA,,
164,,NA,Diploid,38,Populus deltoides,Populus trichocarpa,2,38,2,38,Between,No,Within,,,NA,NA,,
165,,NA,Diploid,38,Populus deltoides,Populus balsamifera,2,38,2,38,Between,No,Within,,,NA,NA,,
166,,NA,Diploid,38,Populus balsamifera,Populus trichocarpa,2,38,2,38,Between,No,Within,,,NA,NA,,
167,,NA,Tetraploid,76,Salix pentandra,Salix euxina,4,76,4,76,Between,No,Within,,,NA,NA,,
168,,NA,Tetraploid,76,Salix pentandra,Salix alba,4,76,4,76,Between,No,Within,,,NA,NA,,
169,,NA,Tetraploid,76,Salix euxina,Salix alba,4,76,4,76,Between,No,Within,"Also two triple hybrids. One with Salix triandra (2n=2x=38), which is the Salix x alopecuroides. The other with Salix babylonica which is the Salix x pendulina (2n=4x=76)",,NA,NA,,
170,,NA,Tetraploid,76,Salix alba,Salix babylonica,4,76,4,76,Between,No,Within,,,NA,NA,,
171,,NA,,,Salix triandra,Salix purpurea,2,38,2,"38 (Russian book, many authors)",Between,No,,,,NA,NA,,
172,,NA,Diploid,38,Salix triandra,Salix viminalis,2,"38, 44",2,38,Between,No,Within or Between?,,,NA,NA,,
173,,NA,Diploid,38,Salix purpurea,Salix viminalis,2,38,2,38,Between,No,Within,"Salix purpurea x viminalis x caprea x cinerea also reported. Salix purpurea x viminalis x cinerea, where cinerea has 2n=76. Salix purpurea x viminalis x repens (2n=38)",,NA,NA,,
174,,NA,Triploid,57,Salix purpurea,Salix cinerea,2,38,4,76,Between,No,Between,"Also a triple hybrid with Salix aurita, which is questionable",,NA,NA,,
175,,NA,Diploid,38,Salix purpurea,Salix aurita,2,38,4,"38, 76",Between,No,Within or Between?,Also a triple hybrid with Salix phylicifolia (2n=88),,NA,NA,,
176,,NA,,,Salix purpurea,Salix myrsinifolia,2,38,6,114,Between,No,Between,,,NA,NA,,
177,,NA,,,Salix purpurea,Salix phylicifolia,2,38,Unknown,88,Between,No,Between,Salix phylicifolia can also occur as a 2n=114,,NA,NA,,
178,,NA,Diploid?,38?,Salix purpurea,Salix repens,2,38,2,38,Between,No,Within,,,NA,NA,,
179,,NA,,41,Salix viminalis,Salix caprea,2,38,2,38,Between,No,Within,"Two triple hybrids, one formed with Salix cinerea, the other with Salix aurita",,NA,NA,,
180,,NA,Triploid,57,Salix viminalis,Salix cinerea,2,38,4,76,Between,No,Between,"Two triple hybrids, one formed with Salix aurita, the other with Salix repens",,NA,NA,,
181,,NA,Diploid,38,Salix viminalis,Salix aurita,2,38,4,76,Between,No,Between,,,NA,NA,,
182,,NA,,,Salix viminalis,Salix myrsinifolia,2,38,6,114,Between,No,Between,,,NA,NA,,
183,,NA,Diploid,38,Salix viminalis,Salix repens,2,38,2,38,Between,No,Within,,,NA,NA,,
184,,NA,Tetraploid,76,Salix caprea,Salix cinerea,2,38,4,76,Between,No,Between,Triple hybrid formed with Salix phylicifolia and Salix repens.,,NA,NA,,
185,,NA,Diploid,38,Salix caprea,Salix aurita,2,38,4,76,Between,No,Between,,Salix x capreola,NA,NA,,
186,,NA,,,Salix caprea,Salix myrsinifolia,2,38,6,114,Between,No,Between,Triple hybrid with phylicifolia and myrsinites(?),,NA,NA,,
187,,NA,,,Salix caprea,Salix phylicifolia,2,38,Unknown,88,Between,No,Between,,,NA,NA,,
188,,NA,,,Salix caprea,Salix repens,2,38,2,38,Between,No,Within,,,NA,NA,,
189,,NA,Diploid,38,Salix caprea,Salix lapponum,2,38,2,38,Between,No,Within,,,NA,NA,,
190,,NA,,,Salix caprea,Salix myrsinites,2,38,Multiple,"38, 190, 152? (Russian book)",Between,No,,,,NA,NA,,
191,,NA,Tetraploid,76,Salix cinerea,Salix aurita,4,76,4,76,Between,No,Within,Triple hybrid with myrsinifolia and phylicifolia and repens,,NA,NA,,
192,,NA,,,Salix cinerea,Salix myrsinifolia,4,76,6,114,Between,No,Between,Triple hybrid with phylicifolia,,NA,NA,,
193,,NA,Pentaploid?,95,Salix cinerea,Salix phylicifolia,4,76,Unknown,88,Between,No,Between,,,NA,NA,,
194,,NA,Triploid,57,Salix cinerea,Salix repens,4,76,2,38,Between,No,Between,,,NA,NA,,
195,,NA,,,Salix aurita,Salix myrsinifolia,4,76,6,114,Between,No,Between,Triple hybrid with phylicifolia,,NA,NA,,
196,,NA,,,Salix aurita,Salix phylicifolia,4,76,Unknown,88,Between,No,Between,,,NA,NA,,
197,,NA,,,Salix aurita,Salix repens,4,76,2,36,Between,No,Between,Triple hybrid with lapponum and herbacea,,NA,NA,,
198,,NA,Diploid,38,Salix aurita,Salix lapponum,4,76,2,38,Between,No,Between,Triple hybrid formed with herbacea,,NA,NA,,
200,,NA,,,Salix aurita,Salix herbacea,4,76,2,38,Between,No,Between,,,NA,NA,,
201,,NA,Hexaploid,114,Salix myrsinifolia,Salix phylicifolia,6,114,Unknown,88,Between,No,Between,"Salix phylicifolia can occur as 2n=114. Triple hybrids with repens, lapponum, arbuscula and myrsinites",,NA,NA,,
202,,NA,,,Salix myrsinifolia,Salix repens,6,114,2,38,Between,No,Between,,,NA,NA,,
203,,NA,,,Salix myrsinifolia,Salix arbuscula,6,114,2,38,Between,No,Between,,,NA,NA,,
204,,NA,,,Salix myrsinifolia,Salix myrsinites,6,114,2,38,Between,No,Between,Triple hybrid with herbacea,,NA,NA,,
205,,NA,,,Salix myrsinifolia,Salix herbacea,6,114,2,38,Between,No,Between,,,NA,NA,,
206,,NA,Tetraploid,76,Salix phylicifolia,Salix repens,Unknown,88,2,38,Between,No,Between,,,NA,NA,,
208,,NA,,,Salix phylicifolia,Salix myrsinites,Unknown,88,2,38,Between,No,Between,,,NA,NA,,
209,,NA,,,Salix repens,Salix lapponum,2,38,2,38,Between,No,Within,Also triple hybrid with arbuscula,,NA,NA,,
210,,NA,,,Salix repens,Salix arbuscula,2,38,2,38,Between,No,Within,,,NA,NA,,
211,,NA,,,Salix repens,Salix herbacea,2,38,2,38,Between,No,Within,,,NA,NA,,
212,,NA,,,Salix lapponum,Salix lanata,2,38,2,38,Between,No,Within,,,NA,NA,,
213,,NA,,,Salix lapponum,Salix arbuscula,2,38,2,38,Between,No,Within,"Record of lapponum, myrsinites and herbacea cross",,NA,NA,,
214,,NA,Diploid,38,Salix lapponum,Salix herbacea,2,38,2,38,Between,No,Within,,,NA,NA,,
216,,NA,,,Salix lanata,Salix herbacea,2,38,2,38,Between,No,Within,,,NA,NA,,
217,,NA,,,Salix arbuscula,Salix herbacea,2,38,2,38,Between,No,Within,,,NA,NA,,
218,,NA,,,Salix arbuscula,Salix reticulata,2,38,2,38,Between,No,Within,,,NA,NA,,
219,,NA,,,Salix myrsinites,Salix herbacea,2,"38, 190",2,38,Between,No,Within,,,NA,NA,,
220,,NA,,"20, 22, 24",Viola odorata,Viola hirta,2,20,2,20,Between,No,Within,,,NA,NA,,
221,,NA,,"33, 34",Viola rupestris,Viola riviniana,2,20,4,40 (+ 0-6 supernumeraries),Between,No,Between,,,NA,NA,,
222,,NA,,30,Viola riviniana,Viola reichenbachiana,4,40 (+ 0-6 supernumeraries),2,20,Between,No,Between,,,NA,NA,,
223,,NA,,40 (+0-6),Viola riviniana,Viola canina,4,40 (+0-6),4,40 (+0-7),Between,No,Within,,,NA,NA,,
224,,NA,,,Viola riviniana,Viola lactea,4,40 (+0-7),2,58,Between,No,Within,http://onlinelibrary.wiley.com/store/10.1111/j.1469-8137.1961.tb06242.x/asset/j.1469-8137.1961.tb06242.x.pdf?v=1&t=j2zyrg96&s=c6dbdaeb7ff10adc322c513665ecd821d88a7d16,,NA,NA,,
225,,NA,,,Viola reichenbachiana,Viola canina,2,20,4,40 (+0-7),Between,No,Between,,,NA,NA,,
226,,NA,,49,Viola canina,Viola lactea,4,40 (+0-7),2,58,Between,No,Between,,,NA,NA,,
227,,NA,,46-52,Viola lutea,Viola tricolor,Multiple,"48, 50",Unknown,26,Between,No,,Triple hybrid involved here x altaica is the GARDEN PANSY,,NA,NA,,
229,,NA,,,Viola tricolor,Viola arvensis,Unknown,26,Unknown,34,Between,No,Between,,,NA,NA,,
230,,NA,Tetraploid,40,Hypericum androsaemum,Hypericum hircinum,4,40,4,40,Between,No,Within,https://www.ncbi.nlm.nih.gov/pmc/articles/PMC3364718/,,NA,NA,,
231,,NA,,,Hypericum perforatum,Hypericum maculatum,4,32,Multiple,"16, 32",Between,No,Within,,,NA,NA,,
232,,NA,,,Hypericum undulatum,Hypericum tetrapterum,2,16,2,16,Between,No,Within,,,NA,NA,,
233,,NA,,,Hypericum humifusum,Hypericum linariifolium,2,16,2,16,Between,No,,,,NA,NA,,
234,,NA,Diploid,26,Geranium endressii,Geranium versicolor,2,26,2,26,Between,No,Within,https://books.google.co.uk/books?id=X8yOAwXfC9sC&pg=PA27&lpg=PA27&dq=geranium+endressii+chromosomes&source=bl&ots=bmERXTYTHZ&sig=bLiYG4r5bay14gjOqYv7r7uAEzE&hl=en&sa=X&ved=0ahUKEwiq6ZatjajXAhUJLMAKHR2gAKQQ6AEIPDAH#v=onepage&q=geranium%20endressii%20chromosomes&f=false,,NA,NA,,
236,,NA,Triploid,42,Geranium ibericum,Geranium platypetalum,4,56,2,28,Between,No,Between,,,NA,NA,,
237,,NA,,,Geranium macrorrhizum,Geranium dalmaticum,Multiple,46 (87-93),Unknown,46,Between,No,Within,,,NA,NA,,
238,,NA,,,Geranium robertianum,Geranium purpureum,4,64,2,32,Between,No,Between,G.robertianum an allopolyploid with one subgenome related to purpureum,,NA,NA,,
239,,NA,,30,Erodium cicutarium,Erodium aethiopicum,4,40,2,20,Between,No,Between,Could only synthesise with lebelii as female parent,,NA,NA,,
240,,NA,Diploid,36,Epilobium hirsutum,Epilobium parviflorum,2,36,2,36,Between,No,Within,http://etheses.dur.ac.uk/9126/1/9126_6057.PDF?UkUDh:CyT,,NA,NA,,
241,,NA,Diploid,36,Epilobium hirsutum,Epilobium montanum,2,36,2,36,Between,No,Within,,,NA,NA,,
242,,NA,Diploid,36,Epilobium hirsutum,Epilobium lanceolatum,2,36,2,36,Between,No,Within,,,NA,NA,,
243,,NA,Diploid,36,Epilobium hirsutum,Epilobium tetragonum,2,36,2,36,Between,No,Within,,,NA,NA,,
244,,NA,Diploid,36,Epilobium hirsutum,Epilobium obscurum,2,36,2,36,Between,No,Within,,,NA,NA,,
245,,NA,Diploid,36,Epilobium hirsutum,Epilobium roseum,2,36,2,36,Between,No,Within,,,NA,NA,,
246,,NA,Diploid,36,Epilobium hirsutum,Epilobium ciliatum,2,36,2,36,Between,No,Within,,,NA,NA,,
247,,NA,Diploid,36,Epilobium hirsutum,Epilobium palustre,2,36,2,36,Between,No,Within,,,NA,NA,,
248,,NA,Diploid,36,Epilobium parviflorum,Epilobium montanum,2,36,2,36,Between,No,Within,"Two triple hybrid combinations here, obscurum and roseum",,NA,NA,,
249,,NA,Diploid,36,Epilobium parviflorum,Epilobium lanceolatum,2,36,2,36,Between,No,Within,,,NA,NA,,
250,,NA,Diploid,36,Epilobium parviflorum,Epilobium tetragonum,2,36,2,36,Between,No,Within,,,NA,NA,,
251,,NA,Diploid,36,Epilobium parviflorum,Epilobium obscurum,2,36,2,36,Between,No,Within,"Two triple hybrids here, with tetragonum and palustre",,NA,NA,,
252,,NA,Diploid,36,Epilobium parviflorum,Epilobium roseum,2,36,2,36,Between,No,Within,,,NA,NA,,
253,,NA,Diploid,36,Epilobium parviflorum,Epilobium ciliatum,2,36,2,36,Between,No,Within,,,NA,NA,,
254,,NA,Diploid,36,Epilobium parviflorum,Epilobium palustre,2,36,2,36,Between,No,Within,,,NA,NA,,
255,,NA,Diploid,36,Epilobium parviflorum,Epilobium brunnescens,2,36,2,36,Between,No,Within,,,NA,NA,,
256,,NA,Diploid,36,Epilobium montanum,Epilobium lanceolatum,2,36,2,36,Between,No,Within,,,NA,NA,,
257,,NA,Diploid,36,Epilobium montanum,Epilobium tetragonum,2,36,2,36,Between,No,Within,,,NA,NA,,
258,,NA,Diploid,36,Epilobium montanum,Epilobium obscurum,2,36,2,36,Between,No,Within,,,NA,NA,,
259,,NA,Diploid,36,Epilobium montanum,Epilobium roseum,2,36,2,36,Between,No,Within,,,NA,NA,,
260,,NA,Diploid,36,Epilobium montanum,Epilobium ciliatum,2,36,2,36,Between,No,Within,,,NA,NA,,
261,,NA,Diploid,36,Epilobium montanum,Epilobium palustre,2,36,2,36,Between,No,Within,,,NA,NA,,
262,,NA,Diploid,36,Epilobium montanum,Epilobium alsinifolium,2,36,2,36,Between,No,Within,,,NA,NA,,
263,,NA,Diploid,36,Epilobium montanum,Epilobium brunnescens,2,36,2,36,Between,No,Within,,,NA,NA,,
264,,NA,Diploid,36,Epilobium montanum,Epilobium pedunculare,2,36,2,36,Between,No,Within,,,NA,NA,,
265,,NA,Diploid,36,Epilobium lanceolatum,Epilobium tetragonum,2,36,2,36,Between,No,Within,,,NA,NA,,
266,,NA,Diploid,36,Epilobium lanceolatum,Epilobium obscurum,2,36,2,36,Between,No,Within,,,NA,NA,,
267,,NA,Diploid,36,Epilobium lanceolatum,Epilobium roseum,2,36,2,36,Between,No,Within,,,NA,NA,,
268,,NA,Diploid,36,Epilobium lanceolatum,Epilobium ciliatum,2,36,2,36,Between,No,Within,,,NA,NA,,
269,,NA,Diploid,36,Epilobium lanceolatum,Epilobium palustre,2,36,2,36,Between,No,Within,,,NA,NA,,
270,,NA,Diploid,36,Epilobium lanceolatum,Epilobium alsinifolium,2,36,2,36,Between,No,Within,,,NA,NA,,
271,,NA,Diploid,36,Epilobium lanceolatum,Epilobium brunnescens,2,36,2,36,Between,No,Within,,,NA,NA,,
272,,NA,Diploid,36,Epilobium tetragonum,Epilobium obscurum,2,36,2,36,Between,No,Within,,,NA,NA,,
273,,NA,Diploid,36,Epilobium tetragonum,Epilobium roseum,2,36,2,36,Between,No,Within,,,NA,NA,,
274,,NA,Diploid,36,Epilobium tetragonum,Epilobium ciliatum,2,36,2,36,Between,No,Within,,,NA,NA,,
275,,NA,Diploid,36,Epilobium tetragonum,Epilobium palustre,2,36,2,36,Between,No,Within,,,NA,NA,,
276,,NA,Diploid,36,Epilobium obscurum,Epilobium roseum,2,36,2,36,Between,No,Within,,,NA,NA,,
277,,NA,Diploid,36,Epilobium obscurum,Epilobium ciliatum,2,36,2,36,Between,No,Within,,,NA,NA,,
278,,NA,Diploid,36,Epilobium obscurum,Epilobium palustre,2,36,2,36,Between,No,Within,,,NA,NA,,
279,,NA,Diploid,36,Epilobium obscurum,Epilobium anagallidifolium,2,36,2,36,Between,No,Within,,,NA,NA,,
280,,NA,Diploid,36,Epilobium obscurum,Epilobium alsinifolium,2,36,2,36,Between,No,Within,,,NA,NA,,
281,,NA,Diploid,36,Epilobium obscurum,Epilobium brunnescens,2,36,2,36,Between,No,Within,,,NA,NA,,
282,,NA,Diploid,36,Epilobium roseum,Epilobium ciliatum,2,36,2,36,Between,No,Within,,,NA,NA,,
283,,NA,Diploid,36,Epilobium roseum,Epilobium palustre,2,36,2,36,Between,No,Within,,,NA,NA,,
284,,NA,Diploid,36,Epilobium ciliatum,Epilobium palustre,2,36,2,36,Between,No,Within,,,NA,NA,,
285,,NA,Diploid,36,Epilobium ciliatum,Epilobium brunnescens,2,36,2,36,Between,No,Within,,,NA,NA,,
286,,NA,Diploid,36,Epilobium palustre,Epilobium anagallidifolium,2,36,2,36,Between,No,Within,,,NA,NA,,
287,,NA,Diploid,36,Epilobium palustre,Epilobium alsinifolium,2,36,2,36,Between,No,Within,,,NA,NA,,
288,,NA,Diploid,36,Epilobium palustre,Epilobium brunnescens,2,36,2,36,Between,No,Within,,,NA,NA,,
289,,NA,Diploid,36,Epilobium anagallidifolium,Epilobium alsinifolium,2,36,2,36,Between,No,Within,,,NA,NA,,
290,,NA,Diploid,14,Oenothera glazioviana,Oenothera biennis,2,14,2,14,Between,No,Within,,,NA,NA,,
291,,NA,Diploid,22,Circaea lutetiana,Circaea alpina,2,22,2,22,Between,No,Within,,,NA,NA,,
292,,NA,Diploid,42,Malva sylvestris,Malva neglecta,2,42,2,42,Between,No,Within,https://www.jstage.jst.go.jp/article/cytologia1929/33/2/33_2_188/_pdf,,NA,NA,,
293,,NA,,82,Tilia platyphyllos,Tilia cordata,2,82,2,82,Between,No,Within,,,NA,NA,,
294,,NA,,18,Daphne mezereum,Daphne laureola,2,18,2,18,Between,No,Within,,,NA,NA,,
295,,NA,,20,Helianthemum nummularium,Helianthemum apenninum,4,20,4,20,Between,No,Within,,,NA,NA,,
296,,NA,,24,Capsella bursa-pastoris,Capsella rubella,4,"16,32",2,16,Between,No,Between,,,NA,NA,,
297,,NA,,32,Rorippa palustris,Rorippa sylvestris,4,32,Multiple,"32,48",Between,No,Within,Not simple as rorippa sylvestris exists as a tetraploid pentaploid and hexaploid,,NA,NA,,
298,,NA,Triploid or Tetraploid,"24,32",Rorippa palustris,Rorippa amphibia,4,32,Multiple,"16,32",Between,No,Within or Between,,,NA,NA,,
299,,NA,,"32, 40",Rorippa sylvestris,Rorippa amphibia,Multiple,"32,48",Multiple,"16,32",Between,No,Within or Between,,,NA,NA,,
300,,NA,,32,Rorippa sylvestris,Rorippa austriaca,Multiple,"32, 48",2,16,Between,No,Between,,,NA,NA,,
301,,NA,,"24, 32",Rorippa amphibia,Rorippa austriaca,Multiple,"16, 32",2,16,Between,No,Between,,,NA,NA,,
302,,NA,,48,Nasturtium officinale,Nasturtium microphyllum,2,32,4,64,Between,No,Between,,,NA,NA,,
303,,NA,,"30, 32",Cardamine pratensis,Cardamine flexuosa,Multiple,"30, 56-58, 64, 72",4,32,Between,No,Within or Between,,,NA,NA,,
304,,NA,,24,Cardamine flexuosa,Cardamine hirsuta,4,32,2,16,Between,No,Between,,,NA,NA,,
305,,NA,,28,Brassica oleracea,Brassica napus,2,18,4,38,Between,No,Between,,,NA,NA,,
306,,NA,,29,Brassica napus,Brassica rapa,4,38,2,20,Between,No,Between,,,NA,NA,,
307,,NA,,18,Raphanus raphanistrum,Raphanus raphanistrum,2,18,2,18,Between,No,Within,,,NA,NA,,
308,,NA,,"36, 39-40",Cochlearia anglica,Cochlearia officinalis,Multiple,"36-44, 48-50",4,24,Between,No,Between,,,NA,NA,,
309,,NA,,24-35,Cochlearia officinalis,Cochlearia danica,4,24,6,42,Between,No,Between,,,NA,NA,,
310,,NA,,36-54,Limonium vulgare,Limonium humile,4,36,6,54,Between,No,Between,,,NA,NA,,
311,,NA,,18,Armeria maritima,Armeria arenaria,2,18,2,18,Between,No,Within,,,NA,NA,,
312,,NA,,20,Koenigia alpina,Koenigia weyrichii,Multiple,"20,22",2,20,Between,No,Within,,,NA,NA,,
313,,NA,,,Persicaria maculosa,Persicaria lapathifolia,4,44,2,22,Between,No,Between,,,NA,NA,,
314,,NA,,,Persicaria maculosa,Persicaria hydropiper,4,44,2,20,Between,No,Between,,,NA,NA,,
315,,NA,,,Persicaria maculosa,Persicaria mitis,4,44,4,40,Between,No,,,,NA,NA,,
316,,NA,,,Persicaria maculosa,Persicaria minor,4,44,4,40,Between,No,,,,NA,NA,,
317,,NA,,,Persicaria lapathifolia,Persicaria hydropiper,2,22,2,20,Between,No,Within,,,NA,NA,,
318,,NA,,,Persicaria hydropiper,Persicaria mitis,2,20,4,40,Between,No,Between,,,NA,NA,,
319,,NA,,,Persicaria hydropiper,Persicaria minor,2,20,4,40,Between,No,Between,,,NA,NA,,
320,,NA,,,Persicaria mitis,Persicaria minor,4,40,4,40,Between,No,Within,,,NA,NA,,
321,,NA,,54,Reynoutria japonica,Fallopia baldschuanica,8,88,2,20,Between,No,Between,,,NA,NA,,
322,,NA,,,Rumex cuneifolius,Rumex crispus,16,160,6,60,Between,No,Between,,,NA,NA,,
323,,NA,,,Rumex cuneifolius,Rumex conglomeratus,16,160,2,20,Between,No,Between,,,NA,NA,,
324,,NA,,,Rumex cuneifolius,Rumex obtusifolius,16,160,4,40,Between,No,Between,,,NA,NA,,
325,,NA,,,Rumex aquaticus,Rumex crispus,Multiple,"140, 200",6,60,Between,No,Between,,,NA,NA,,
326,,NA,,,Rumex aquaticus,Rumex sanguineus,Multiple,"140, 200",2,20,Between,No,Between,,,NA,NA,,
327,,NA,,,Rumex aquaticus,Rumex obtusifolius,Multiple,"140, 200",4,40,Between,No,Between,,,NA,NA,,
328,,NA,,,Rumex longifolius,Rumex crispus,6,60,6,60,Between,No,Within,,,NA,NA,,
329,,NA,,,Rumex longifolius,Rumex obtusifolius,6,60,4,40,Between,No,Between,,,NA,NA,,
330,,NA,,,Rumex confertus,Rumex crispus,Multiple,"40, 60, 80",6,60,Between,No,Within or Between,,,NA,NA,,
331,,NA,,,Rumex confertus,Rumex obtusifolius,Multiple,"40, 60, 80",4,40,Between,No,Within or Between,,,NA,NA,,
332,,NA,,,Rumex hydrolapathum,Rumex crispus,13,130,6,60,Between,No,Between,,,NA,NA,,
333,,NA,,,Rumex hydrolapathum,Rumex conglomeratus,13,130,2,20,Between,No,Between,,,NA,NA,,
334,,NA,,,Rumex hydrolapathum,Rumex obtusifolius,13,130,4,40,Between,No,Between,,,NA,NA,,
335,,NA,,,Rumex cristatus,Rumex patientia,8,80,6,60,Between,No,,,,NA,NA,,
336,,NA,,,Rumex cristatus,Rumex crispus,8,80,6,60,Between,No,,,,NA,NA,,
337,,NA,,,Rumex cristatus,Rumex conglomeratus,8,80,2,20,Between,No,Between,,,NA,NA,,
338,,NA,,,Rumex cristatus,Rumex obtusifolius,8,80,4,40,Between,No,Between,,,NA,NA,,
339,,NA,,,Rumex cristatus,Rumex palustris,8,80,6,60,Between,No,Between,,,NA,NA,,
340,,NA,,,Rumex patientia,Rumex crispus,6,60,6,60,Between,No,Between,Triple hybrid here with obtusifolius,,NA,NA,,
341,,NA,,,Rumex patientia,Rumex conglomeratus,6,60,2,20,Between,No,Between,,,NA,NA,,
342,,NA,,,Rumex patientia,Rumex obtusifolius,6,60,4,40,Between,No,Between,,,NA,NA,,
343,,NA,,,Rumex crispus,Rumex conglomeratus,6,60,2,20,Between,No,Between,,,NA,NA,,
344,,NA,,,Rumex crispus,Rumex rupestris,6,60,2,20,Between,No,Between,Triple hybrid with obtusifolius,,NA,NA,,
345,,NA,,,Rumex crispus,Rumex pulcher,6,60,Multiple,"20, 40",Between,No,Between,,,NA,NA,,
346,,NA,,"40, 60",Rumex crispus,Rumex obtusifolius,6,60,4,40,Between,No,Between,,,NA,NA,,
347,,NA,,,Rumex crispus,Rumex obovatus,6,60,4,40,Between,No,Between,,,NA,NA,,
348,,NA,,,Rumex crispus,Rumex palustris,6,60,6,60,Between,No,Between,,,NA,NA,,
349,,NA,,,Rumex crispus,Rumex maritimus,6,60,4,40,Between,No,Between,,,NA,NA,,
350,,NA,,"19, 20, 21, 25",Rumex conglomeratus,Rumex sanguineus,2,20,2,20,Between,No,Within,,,NA,NA,,
351,,NA,,20,Rumex conglomeratus,Rumex rupestris,2,20,2,20,Between,No,Within,,,NA,NA,,
352,,NA,,,Rumex conglomeratus,Rumex pulcher,2,20,Multiple,"20, 40",Between,No,Within and between,,,NA,NA,,
353,,NA,,,Rumex conglomeratus,Rumex obtusifolius,2,20,4,40,Between,No,Between,,,NA,NA,,
354,,NA,,,Rumex conglomeratus,Rumex palustris,2,20,6,60,Between,No,Between,,,NA,NA,,
355,,NA,,,Rumex conglomeratus,Rumex maritimus,2,20,4,40,Between,No,Between,,,NA,NA,,
356,,NA,,,Rumex sanguineus,Rumex pulcher,2,20,Multiple,"20, 40",Between,No,,,,NA,NA,,
357,,NA,,,Rumex sanguineus,Rumex obtusifolius,2,20,4,40,Between,No,Between,,,NA,NA,,
358,,NA,,,Rumex rupestris,Rumex pulcher,2,20,Multiple,"20, 40",Between,No,,,,NA,NA,,
360,,NA,,30,Rumex pulcher,Rumex obtusifolius,Multiple,"20, 40",4,40,Between,No,Between,,,NA,NA,,
361,,NA,,,Rumex obtusifolius,Rumex palustris,4,40,Multiple,"40, 60",Between,No,,,,NA,NA,,
362,,NA,,,Rumex obtusifolius,Rumex maritimus,4,40,4,40,Between,No,Within,,,NA,NA,,
363,,NA,,,Rumex dentatus,Rumex maritimus,4,40,4,40,Between,No,Within,,,NA,NA,,
364,,NA,,,Rumex palustris,Rumex maritimus,6,60,4,40,Between,No,,,,NA,NA,,
365,,NA,Triploid,30,Drosera rotundifolia,Drosera anglica,2,20,4,40,Between,No,Between,,,NA,NA,,
366,,NA,,,Drosera rotundifolia,Drosera intermedia,2,20,2,20,Between,No,Within,,,NA,NA,,
367,,NA,Octoploid,72,Cerastium arvense,Cerastium tomentosum,8,72,8,72,Between,No,Within,,,NA,NA,,
368,,NA,,,Cerastium arvense,Cerastium fontanum,8,72,Multiple,"72, 108, 144",Between,No,,,,NA,NA,,
369,,NA,,90,Cerastium alpinum,Cerastium nigrescens,8,72,12,108,Between,No,Between,,,NA,NA,,
370,,NA,,,Cerastium alpinum,Cerastium fontanum,8,72,Multiple,"72, 108, 144",Between,No,,,,NA,NA,,
371,,NA,,,Cerastium nigrescens,Cerastium fontanum,12,108,Multiple,"72, 108, 144",Between,No,,,,NA,NA,,
372,,NA,,,Cerastium fontanum,Cerastium diffusum,Multiple,"120, 144 (Russian book)",Unknown,,Between,No,,Tentative hybrid,,NA,NA,,
373,,NA,,,Sagina subulata,Sagina procumbens,2,22,2,22,Between,No,Within,,,NA,NA,,
374,,NA,,22,Sagina saginoides,Sagina procumbens,2,22,2,22,Between,No,Within,,,NA,NA,,
375,,NA,,36,Spergularia rupicola,Spergularia marina,2,36,2,36,Between,No,Within,,,NA,NA,,
376,,NA,,24,Silene vulgaris,Silene uniflora,2,24,2,24,Between,No,Within,,,NA,NA,,
377,,NA,,24,Silene latifolia,Silene dioica,2,24,2,24,Between,No,Within,,,NA,NA,,
378,,NA,,,Dianthus gratianopolitanus,Dianthus caryophyllus,Multiple,"60, 90",2,30,Between,No,Between,,,NA,NA,,
379,,NA,,,Dianthus gratianopolitanus,Dianthus plumarius,Multiple,"60, 90",6,90,Between,No,,,,NA,NA,,
380,,NA,,,Dianthus caryophyllus,Dianthus plumarius,2,30,6,90,Between,No,Between,,,NA,NA,,
381,,NA,,,Dysphania pumilio,Dysphania carinata,2,18,Unknown,16,Between,No,,,,NA,NA,,
382,,NA,,,Dysphania carinata,Dysphania cristata,Unknown,16,Unknown,,Between,No,,,,NA,NA,,
383,,NA,,18,Atriplex prostrata,Atriplex glabriuscula,2,18,2,18,Between,No,Within,,,NA,NA,,
384,,NA,,18,Atriplex prostrata,Atriplex littoralis,2,18,2,18,Between,No,Within,,,NA,NA,,
385,,NA,,18,Atriplex prostrata,Atriplex longipes,2,18,2,18,Between,No,Within,,,NA,NA,,
386,,NA,,18,Atriplex glabriuscula,Atriplex longipes,2,18,2,18,Between,No,Within,,,NA,NA,,
387,,NA,,27,Atriplex littoralis,Atriplex patula,2,18,4,36,Between,No,Between,,,NA,NA,,
388,,NA,,,Salicornia disarticulata,Salicornia ramosissima,2,18,2,18,Between,No,Within,,,NA,NA,,
389,,NA,,,Amaranthus retroflexus,Amaranthus hybridus,2,"34, 32",Multiple,"32, 24, 34",Between,No,Within?,,,NA,NA,,
390,,NA,,,Amaranthus retroflexus,Amaranthus powellii,2,"34, 32",2,32,Between,No,Within,,,NA,NA,,
391,,NA,,26,Philadelphus coronarius,Philadelphus microphyllus,2,26,2,26,Between,No,Within,Triple hybrid with P. pubescens,,NA,NA,,
392,,NA,,22,Primula vulgaris,Primula elatior,2,22,2,22,Between,No,Within,Triple hybrid with P. veris,,NA,NA,,
393,,NA,,22,Primula vulgaris,Primula veris,2,22,2,22,Between,No,Within,,,NA,NA,,
394,,NA,,,Primula vulgaris,Primula juliae,2,22,2,22,Between,No,Within,,,NA,NA,,
395,,NA,,22,Primula vulgaris,Primula veris,2,22,2,22,Between,No,Within,,,NA,NA,,
396,,NA,,,Erica ciliaris,Erica tetralix,2,24,2,24,Between,No,Within,,,NA,NA,,
397,,NA,,,Erica mackaiana,Erica tetralix,2,24,2,24,Between,No,Within,,,NA,NA,,
398,,NA,,,Erica tetralix,Erica vagans,2,24,2,24,Between,No,Within,,,NA,NA,,
399,,NA,,,Erica erigena,Erica herbacea,2,24,2,24,Between,No,Within,,,NA,NA,,
400,,NA,,77,Gaultheria shallon,Gaultheria mucronata,8,88,6,66,Between,No,Between,,,NA,NA,,
401,,NA,,,Vaccinium vitis-idaea,Vaccinium myrtillus,2,24,2,24,Between,No,Within,,,NA,NA,,
402,,NA,,,Galium verum,Galium album,4,44,4,44,Between,No,Within,,,NA,NA,,
403,,NA,,"33, 55",Galium sterneri,Galium saxatile,Multiple,"22, 44",4,44,Between,No,Within or Between,,,NA,NA,,
404,,NA,,"50-52, 54, 56-60",Centaurium erythraea,Centaurium littorale,4,40,4,40,Between,No,Within,Triple hybrid with C. pulchellum,,NA,NA,,
405,,NA,,,Centaurium erythraea,Centaurium pulchellum,4,40,4,36,Between,No,,,,NA,NA,,
406,,NA,,,Centaurium littorale,Centaurium pulchellum,4,40,4,36,Between,No,,,,NA,NA,,
407,,NA,,,Gentianella germanica,Gentianella amarella,4,36,4,36,Between,No,Within,,,NA,NA,,
410,,NA,,"36, 40",Symphytum officinale,Symphytum asperum,Multiple,"24, 48",4,32,Between,No,Between,"Triple hybrid with tuberosum, grandiflorum, orientale, caucasicum",,NA,NA,,
411,,NA,,48,Symphytum asperum,Symphytum orientale,4,32,4,32,Between,No,Within,Unpublished counts of higher chromosome numbers in orientale...,,NA,NA,,
412,,NA,,,Anchusa ochroleuca,Anchusa officinalis,3,24,2,16,Between,No,Between,Is A. ochroleuca exceptional or did Stace make a mistake? https://www.jstor.org/stable/2471022?seq=5#metadata_info_tab_contents,,NA,NA,,
413,,NA,,,Myosotis scorpioides,Myosotis laxa,Multiple,"64 (22, 64, 66)",Multiple,"(22, 44, 88)",Between,No,,,,NA,NA,,
414,,NA,,36,Myosotis secunda,Myosotis stolonifera,4,48,2,24,Between,No,Between,https://onlinelibrary.wiley.com/doi/pdf/10.1111/j.1095-8339.1992.tb00417.x?casa_token=65DrBnT6JeYAAAAA:zJZoJXtpiLnDI8Qvwa6_l7uPwXqOo5A1vX9SS8CTib__EeXEYqLtbb9nBndTm2IsRRfiJlT7WzXa-g,Karyological studies on Spanish Boraginaceae. VI. Contribution to the tribe Eritrichieae,NA,NA,,
415,,NA,,,Calystegia sepium,Calystegia pulchra,2,22,2,22,Between,No,Within,,,NA,NA,,
416,,NA,,,Calystegia sepium,Calystegia silvatica,2,22,2,22,Between,No,Within,,,NA,NA,,
417,,NA,,,Calystegia pulchra,Calystegia silvatica,2,22,2,22,Between,No,Within,,,NA,NA,,
418,,NA,,48,Solanum americanum,Solanum nitidibaccatum,6,72,2,24,Between,No,Between,,,NA,NA,,
419,,NA,,18,Nicotiana alata,Nicotiana forgetiana,2,18,2,18,Between,No,Within,Comparative Studies on Diploid and Tetraploid Levels of Nicotiana alata,,NA,NA,,
420,,NA,,,Ligustrum vulgare,Ligustrum ovalifolium,2,46,2,46,Between,No,Within,Interspecific hybridisation in flowering shrubs,,NA,NA,,
421,,NA,,36,Veronica anagallis-aquatica,Veronica catenata,4,36,4,36,Between,No,Within,Pollen morphology in the genus Veronica L. (Plantaginaceae) and its systematic significance,,NA,NA,,
422,,NA,,,Veronica longifolia,Veronica spicata,8,"68 (34, 68)",8,"68 (34, 68)",Between,No,Within,,,NA,NA,,
423,,NA,,,Linaria vulgaris,Linaria repens,2,12,2,12,Between,No,Within,,,NA,NA,,
424,,NA,,,Linaria purpurea,Linaria repens,2,12,2,12,Between,No,Within,,,NA,NA,,
425,,NA,,,Linaria repens,Linaria supina,2,12,2,12,Between,No,Within,,,NA,NA,,
426,,NA,,,Verbascum blattaria,Verbascum nigrum,2,"30, 32",2,30,Between,No,Within,,,NA,NA,,
427,,NA,,,Verbascum virgatum,Verbascum thapsus,Multiple,"32, 64, 66",2,"34, 36",Between,No,Within,Triple hybrid with V pulverulentum,,NA,NA,,
428,,NA,,,Verbascum virgatum,Verbascum nigrum,Multiple,"32, 64, 66",2,30,Between,No,,,,NA,NA,,
429,,NA,,,Verbascum virgatum,Verbascum pulverulentum,Multiple,"32, 64, 66",2,32,Between,No,,,,NA,NA,,
430,,NA,,,Verbascum phoeniceum,Verbascum nigrum,2,"32, 36",2,30,Between,No,Within,,,NA,NA,,
431,,NA,,,Verbascum pyramidatum,Verbascum thapsus,2,32,2,"34, 36",Between,No,Within,,,NA,NA,,
432,,NA,,,Verbascum pyramidatum,Verbascum nigrum,2,32,2,30,Between,No,Within,,,NA,NA,,
433,,NA,,,Verbascum bombyciferum,Verbascum phlomoides,Unknown,,2,"32, 34",Between,No,,,,NA,NA,,
434,,NA,,,Verbascum bombyciferum,Verbascum nigrum,Unknown,,2,30,Between,No,,,,NA,NA,,
435,,NA,,,Verbascum phlomoides,Verbascum thapsus,2,"32, 34",2,"34, 36",Between,No,Within,,,NA,NA,,
436,,NA,,,Verbascum phlomoides,Verbascum nigrum,2,"32, 34",2,30,Between,No,Within,,,NA,NA,,
437,,NA,,,Verbascum phlomoides,Verbascum pulverulentum,2,"32, 34",2,32,Between,No,Within,,,NA,NA,,
438,,NA,,,Verbascum densiflorum,Verbascum nigrum,2,32 (Russian book as thapsiforme),2,30,Between,No,,,,NA,NA,,
439,,NA,,,Verbascum thapsus,Verbascum nigrum,2,"34, 36",2,30,Between,No,Within,,,NA,NA,,
440,,NA,,,Verbascum thapsus,Verbascum speciosum,2,"34, 36",2,28,Between,No,Within,,,NA,NA,,
441,,NA,,,Verbascum thapsus,Verbascum pulverulentum,2,"34, 36",2,32,Between,No,Within,,,NA,NA,,
442,,NA,,,Verbascum thapsus,Verbascum lychnitis,2,"34, 36",2,"26, 32, 34",Between,No,,,,NA,NA,,
443,,NA,,,Verbascum nigrum,Verbascum speciosum,2,30,2,28,Between,No,Within,,,NA,NA,,
444,,NA,,,Verbascum nigrum,Verbascum pulverulentum,2,30,2,32,Between,No,Within,,,NA,NA,,
445,,NA,,,Verbascum nigrum,Verbascum lychnitis,2,30,2,"26, 32, 34",Between,No,,,,NA,NA,,
446,,NA,,,Verbascum pulverulentum,Verbascum lychnitis,2,32,2,"26, 32, 34",Between,No,,Incompatibility in polyploids,,NA,NA,,
447,,NA,,30,Limosella aquatica,Limosella australis,4,40,2,20,Between,No,Between,https://watermark.silverchair.com/31-1-147.pdf?token=AQECAHi208BE49Ooan9kkhW_Ercy7Dm3ZL_9Cf3qfKAc485ysgAAAnwwggJ4BgkqhkiG9w0BBwagggJpMIICZQIBADCCAl4GCSqGSIb3DQEHATAeBglghkgBZQMEAS4wEQQMCdRIyHCdCZ5FGHzoAgEQgIICL1uFFcxMHcMQ5SAtGlzSVi-I60vmFhJqCU91eNRkpQZSKvyxaG4Ox11425AyM7iYfZmKwWOOzelYhZFwP5D-ioEjdnUDy7SWP_12hZyNKSYWvPoBebon_bjM2RZSuYK4dZqOsWrWR3KMrTKfOmLeRHgmJg0ejDdZe16KSKHR4ebNawZXgjozSKvOvC4P9JPCjPk4iDTTvW-yHM7ZxYZ7cF-euo0noR9O7_yUUPwO8XrTfHJ4UrKNyRPtdI-l8qaxwdnhmclrozL7MJo9B9x-U8LPQ6TyIbV4bZYrpjtV3QBd1EMyhLc8NgWy3IHzUir5tT1SM87pphb3ou78cEGqpvWeAkwXFqhp8BVfUOXE_GfoC0mnX2dBYKvJu6irzfBaRIP0EUgOuVTxzQLdTFcmz2OfCiJMnztO6B6690-OI1a-60SH4ekY0iLcgMIlHPduPGqxzkH6bPtISDR84r1GOSSdj7DLQrooJam5maXaYwXIw1Y8dfNUFowxgbDfcWOFn5QqSXqj7CEcZqH-zLWnSiLEBbHd8p634ccurUnMtVWKBUTA1KGxrZWZRZtF1s-0CIZc-hdTH5wNj0bk5FHnt79rBxIeJwu6yZyACQguNz27IfpfbM9BlSvJZfn8YDyyvUS8Mw9sxhXS7qavPeDOx7CIi2k-wUPgYq1kotWLz5U9Dyb4-0aoJ0Jh200HOGC6gt7DkkF_wlCkPnrHYtqxW82174AkM3kPF4M0Pdltmhc,The Reproduction and Germination of Limosella aquatica,NA,NA,,
448,,NA,,,Buddleja davidii,Buddleja globosa,4,76,2,38,Between,No,Between,Ploidy variation in Buddleja L. (Buddlejaceae) in the Sino-Himalayan region and its biogeographical implications,,NA,NA,,
449,,NA,,83,Stachys sylvatica,Stachys palustris,8,64,6,102,Between,No,Between,,,NA,NA,,
450,,NA,,32,Galeopsis tetrahit,Galeopsis bifida,4,32,4,32,Between,No,Within,,,NA,NA,,
451,,NA,,,Scutellaria galericulata,Scutellaria minor,4,"30, 32",4,"28, 32",Between,No,Within,A cytological study of the British Labiatae,,NA,NA,,
452,,NA,,,Ajuga reptans,Ajuga pyramidalis,4,32,4,32,Between,No,Within,A cytological study of the British Labiatae,,NA,NA,,
453,,NA,,,Nepeta racemosa,Nepeta nepetella,2,18,2,"34, 36",Between,No,Between,NEW OR RARE CHROMOSOME COUNTS OF SOME ANGIOSPERM SPECIES FROM IRAN II,Chromosome count and karyotype study of eleven Nepeta L.(Lamiaceae) species from Iran,NA,NA,,
454,,NA,,28,Prunella vulgaris,Prunella laciniata,4,28,4,28,Between,No,Within,A cytological study of the British Labiatae,,NA,NA,,
455,,NA,,,Thymus pulegioides,Thymus vulgaris,4,28,2,30,Between,No,Within," Physiological, morphological, chemical and genomic diversities of different origins of thyme (Thymus vulgaris L.)",,NA,NA,,
456,,NA,,"42, 78, 84, 90, 96, 120, 132",Mentha arvensis,Mentha aquatica,6,72,8,96,Between,No,Between,Triple hybrid with spicata,,NA,NA,,
457,,NA,,"54, 60, 84, 96, 108, 120",Mentha arvensis,Mentha spicata,6,72,4,48,Between,No,Between,,,NA,NA,,
458,,NA,,60,Mentha arvensis,Mentha suaveolens,6,72,2,24,Between,No,Between,,,NA,NA,,
459,,NA,,"66, 72",Mentha aquatica,Mentha spicata,8,96,4,48,Between,No,Between,,,NA,NA,,
460,,NA,,"60, 72-8, 84, 120",Mentha aquatica,Mentha suaveolens,8,96,2,24,Between,No,Between,,,NA,NA,,
461,,NA,Triploid,36,Mentha spicata,Mentha longifolia,4,48,2,24,Between,No,Between,,,NA,NA,,
462,,NA,Triploid,36,Mentha spicata,Mentha suaveolens,4,48,2,24,Between,No,Between,,,NA,NA,,
463,,NA,,,Mentha longifolia,Mentha suaveolens,2,24,2,24,Between,No,Within,,,NA,NA,,
464,,NA,,,Salvia pratensis,Salvia nemorosa,2,"16, 18, 20",2,"12, 14, 16",Between,No,,The significance of genetic erosion in the process of extinction. I. Genetic differentiation in Salvia pratensis and Scabiosa columbaria in relation to population size,,NA,NA,,
465,,NA,,"44, 45, 46, 54",Erythranthe guttata,Erythranthe lutea,2,"28, 30, 32, 56",4,"60, 62, 64",Between,Yes,Between,Triple hybrid with cupreus,Monkeying around with ploidy,NA,NA,Mimulus peregrinus,Amphidiploid
466,,NA,,45,Erythranthe guttata,Erythranthe cuprea,2,"28, 30, 32, 56",4,"62, 64",Between,No,Between,Monkeying around with ploidy,,NA,NA,,
467,,NA,,,Erythranthe lutea,Erythranthe cuprea,4,"60, 62, 64",4,"62, 64",Between,No,Within,,,NA,NA,,
468,,NA,,,Euphrasia rostkoviana,Euphrasia anglica,2,22,2,22,Between,No,Within,,,NA,NA,,
469,,NA,,,Euphrasia rostkoviana,Euphrasia rivularis,2,22,2,22,Between,No,Within,,,NA,NA,,
470,,NA,,,Euphrasia rostkoviana,Euphrasia arctica,2,22,4,44,Between,No,Between,,,NA,NA,,
471,,NA,,,Euphrasia rostkoviana,Euphrasia nemorosa,2,22,4,44,Between,No,Between,,,NA,NA,,
472,,NA,,,Euphrasia rostkoviana,Euphrasia confusa,2,22,4,44,Between,No,Between,,,NA,NA,,
473,,NA,,,Euphrasia rostkoviana,Euphrasia micrantha,2,22,4,44,Between,No,Between,,,NA,NA,,
474,,NA,,,Euphrasia montana,Euphrasia rivularis,2,22,2,22,Between,No,Within,,,NA,NA,,
475,,NA,,,Euphrasia montana,Euphrasia confusa,2,22,4,44,Between,No,Between,,,NA,NA,,
476,,NA,,,Euphrasia anglica,Euphrasia vigursii,2,22,2,22,Between,No,Within,,,NA,NA,,
477,,NA,,,Euphrasia anglica,Euphrasia arctica,2,22,4,44,Between,No,Between,,,NA,NA,,
478,,NA,,,Euphrasia anglica,Euphrasia tetraquetra,2,22,4,44,Between,No,Between,,,NA,NA,,
479,,NA,,,Euphrasia anglica,Euphrasia nemorosa,2,22,4,44,Between,No,Between,,,NA,NA,,
480,,NA,,,Euphrasia anglica,Euphrasia confusa,2,22,4,44,Between,No,Between,,,NA,NA,,
481,,NA,,,Euphrasia anglica,Euphrasia micrantha,2,22,4,44,Between,No,Between,,,NA,NA,Euphrasia vigursii,Neodiploid
482,,NA,,,Euphrasia rivularis,Euphrasia scottica,2,22,4,44,Between,No,Between,Triple hybrid with E. confusa,,NA,NA,,
483,,NA,,,Euphrasia vigursii,Euphrasia tetraquetra,2,22,4,44,Between,No,Between,,,NA,NA,,
484,,NA,,,Euphrasia vigursii,Euphrasia micrantha,2,22,4,44,Between,No,Between,,,NA,NA,,
485,,NA,,,Euphrasia arctica,Euphrasia tetraquetra,4,44,4,44,Between,No,Within,,,NA,NA,,
486,,NA,,,Euphrasia arctica,Euphrasia nemorosa,4,44,4,44,Between,No,Within,Triple hybrid with E. confusa and E. micrantha,,NA,NA,,
487,,NA,,,Euphrasia arctica,Euphrasia confusa,4,44,4,44,Between,No,Within,,,NA,NA,,
488,,NA,,,Euphrasia arctica,Euphrasia frigida,4,44,4,44,Between,No,Within,,,NA,NA,,
489,,NA,,,Euphrasia arctica,Euphrasia foulaensis,4,44,4,44,Between,No,Within,,,NA,NA,,
490,,NA,,,Euphrasia arctica,Euphrasia ostenfeldii,4,44,4,44,Between,No,Within,,,NA,NA,,
491,,NA,,,Euphrasia arctica,Euphrasia marshallii,4,44,4,44,Between,No,Within,,,NA,NA,,
492,,NA,,,Euphrasia arctica,Euphrasia rotundifolia,4,44,4,44,Between,No,Within,,,NA,NA,,
493,,NA,,,Euphrasia arctica,Euphrasia micrantha,4,44,4,44,Between,No,Within,,,NA,NA,,
494,,NA,,,Euphrasia arctica,Euphrasia scottica,4,44,4,44,Between,No,Within,,,NA,NA,,
495,,NA,,,Euphrasia arctica,Euphrasia heslop-harrisonii,4,44,4,44,Between,No,Within,,,NA,NA,,
496,,NA,,,Euphrasia arctica,Euphrasia salisburgensis,4,44,4,44,Between,No,Within,,,NA,NA,,
497,,NA,,,Euphrasia tetraquetra,Euphrasia nemorosa,4,44,4,44,Between,No,Within,,,NA,NA,,
498,,NA,,,Euphrasia tetraquetra,Euphrasia pseudokerneri,4,44,4,44,Between,No,Within,,,NA,NA,,
499,,NA,,,Euphrasia tetraquetra,Euphrasia confusa,4,44,4,44,Between,No,Within,,,NA,NA,,
500,,NA,,,Euphrasia tetraquetra,Euphrasia stricta,4,44,4,44,Between,No,Within,,,NA,NA,,
501,,NA,,,Euphrasia tetraquetra,Euphrasia foulaensis,4,44,4,44,Between,No,Within,,,NA,NA,,
502,,NA,,,Euphrasia tetraquetra,Euphrasia ostenfeldii,4,44,4,44,Between,No,Within,,,NA,NA,,
503,,NA,,,Euphrasia tetraquetra,Euphrasia marshallii,4,44,4,44,Between,No,Within,,,NA,NA,,
504,,NA,,,Euphrasia tetraquetra,Euphrasia micrantha,4,44,4,44,Between,No,Within,,,NA,NA,,
505,,NA,,,Euphrasia nemorosa,Euphrasia pseudokerneri,4,44,4,44,Between,No,Within,,,NA,NA,,
506,,NA,,,Euphrasia nemorosa,Euphrasia confusa,4,44,4,44,Between,No,Within,Triple hybrid with scottica,,NA,NA,,
507,,NA,,,Euphrasia nemorosa,Euphrasia stricta,4,44,4,44,Between,No,Within,,,NA,NA,,
508,,NA,,,Euphrasia nemorosa,Euphrasia foulaensis,4,44,4,44,Between,No,Within,,,NA,NA,,
509,,NA,,,Euphrasia nemorosa,Euphrasia ostenfeldii,4,44,4,44,Between,No,Within,,,NA,NA,,
510,,NA,,,Euphrasia nemorosa,Euphrasia marshallii,4,44,4,44,Between,No,Within,Triple hybrid with micrantha,,NA,NA,,
511,,NA,,,Euphrasia nemorosa,Euphrasia campbelliae,4,44,4,44,Between,No,Within,,,NA,NA,,
512,,NA,,,Euphrasia nemorosa,Euphrasia micrantha,4,44,4,44,Between,No,Within,,,NA,NA,,
513,,NA,,,Euphrasia nemorosa,Euphrasia scottica,4,44,4,44,Between,No,Within,,,NA,NA,,
514,,NA,,,Euphrasia nemorosa,Euphrasia heslop-harrisonii,4,44,4,44,Between,No,Within,,,NA,NA,,
515,,NA,,,Euphrasia nemorosa,Euphrasia salisburgensis,4,44,4,44,Between,No,Within,,,NA,NA,,
516,,NA,,,Euphrasia pseudokerneri,Euphrasia confusa,4,44,4,44,Between,No,Within,,,NA,NA,,
517,,NA,,,Euphrasia confusa,Euphrasia frigida,4,44,4,44,Between,No,Within,Triple hybrid with scottica,,NA,NA,,
518,,NA,,,Euphrasia confusa,Euphrasia foulaensis,4,44,4,44,Between,No,Within,,,NA,NA,,
519,,NA,,,Euphrasia confusa,Euphrasia cambrica,4,44,4,44,Between,No,Within,,,NA,NA,,
520,,NA,,,Euphrasia confusa,Euphrasia ostenfeldii,4,44,4,44,Between,No,Within,,,NA,NA,,
521,,NA,,,Euphrasia confusa,Euphrasia campbelliae,4,44,4,44,Between,No,Within,,,NA,NA,,
522,,NA,,,Euphrasia confusa,Euphrasia micrantha,4,44,4,44,Between,No,Within,,,NA,NA,,
523,,NA,,,Euphrasia confusa,Euphrasia scottica,4,44,4,44,Between,No,Within,,,NA,NA,,
524,,NA,,,Euphrasia frigida,Euphrasia ostenfeldii,4,44,4,44,Between,No,Within,,,NA,NA,,
525,,NA,,,Euphrasia frigida,Euphrasia micrantha,4,44,4,44,Between,No,Within,,,NA,NA,,
526,,NA,,,Euphrasia frigida,Euphrasia scottica,4,44,4,44,Between,No,Within,,,NA,NA,,
527,,NA,,,Euphrasia foulaensis,Euphrasia ostenfeldii,4,44,4,44,Between,No,Within,,,NA,NA,,
528,,NA,,,Euphrasia foulaensis,Euphrasia marshallii,4,44,4,44,Between,No,Within,,,NA,NA,,
529,,NA,,,Euphrasia foulaensis,Euphrasia rotundifolia,4,44,4,44,Between,No,Within,,,NA,NA,,
530,,NA,,,Euphrasia foulaensis,Euphrasia micrantha,4,44,4,44,Between,No,Within,,,NA,NA,,
531,,NA,,,Euphrasia foulaensis,Euphrasia scottica,4,44,4,44,Between,No,Within,,,NA,NA,,
532,,NA,,,Euphrasia cambrica,Euphrasia ostenfeldii,4,44,4,44,Between,No,Within,,,NA,NA,,
533,,NA,,,Euphrasia cambrica,Euphrasia scottica,4,44,4,44,Between,No,Within,,,NA,NA,,
534,,NA,,,Euphrasia ostenfeldii,Euphrasia micrantha,4,44,4,44,Between,No,Within,,,NA,NA,,
535,,NA,,,Euphrasia ostenfeldii,Euphrasia scottica,4,44,4,44,Between,No,Within,,,NA,NA,,
536,,NA,,,Euphrasia marshallii,Euphrasia rotundifolia,4,44,4,44,Between,No,Within,,,NA,NA,,
537,,NA,,,Euphrasia marshallii,Euphrasia campbelliae,4,44,4,44,Between,No,Within,,,NA,NA,,
538,,NA,,,Euphrasia marshallii,Euphrasia micrantha,4,44,4,44,Between,No,Within,,,NA,NA,,
539,,NA,,,Euphrasia marshallii,Euphrasia scottica,4,44,4,44,Between,No,Within,,,NA,NA,,
540,,NA,,,Euphrasia rotundifolia,Euphrasia campbelliae,4,44,4,44,Between,No,Within,,,NA,NA,,
541,,NA,,,Euphrasia campbelliae,Euphrasia micrantha,4,44,4,44,Between,No,Within,,,NA,NA,,
542,,NA,,,Euphrasia campbelliae,Euphrasia scottica,4,44,4,44,Between,No,Within,,,NA,NA,,
543,,NA,,,Euphrasia micrantha,Euphrasia scottica,4,44,4,44,Between,No,Within,,,NA,NA,,
544,,NA,,,Euphrasia micrantha,Euphrasia salisburgensis,4,44,4,44,Between,No,Within,,,NA,NA,,
545,,NA,,,Pinguicula vulgaris,Pinguicula grandiflora,8,64 (32),Multiple,"32, 64",Between,No,,,,NA,NA,,
546,,NA,,,Ilex aquifolium,Ilex perado,2,40,Unknown,,Between,No,,,,NA,NA,,
547,,NA,,,Echinops exaltatus,Echinops sphaerocephalus,Unknown,,Unknown,,Between,No,,,,NA,NA,,
548,,NA,,,Arctium lappa,Arctium minus,2,36,2,36,Between,No,Within,Male meiosis and chromosome number in Asteraceae family from district Kangra of HP (Western Himalayas),,NA,NA,,
549,,NA,,,Carduus crispus,Carduus nutans,2,16,2,16,Between,No,Within,"Comparative growth response in Carduus nutans, C. acanthoides, and their F1 hybrids",,NA,NA,,
550,,NA,,,Cirsium eriophorum,Cirsium vulgare,2,34,4,68,Between,No,Between,,,NA,NA,,
551,,NA,,,Cirsium vulgare,Cirsium acaule,4,68,2,34,Between,No,Between,,,NA,NA,,
552,,NA,,,Cirsium vulgare,Cirsium palustre,4,68,2,34,Between,No,Between,,,NA,NA,,
553,,NA,,,Cirsium dissectum,Cirsium acaule,2,34,2,34,Between,No,Within,,,NA,NA,,
554,,NA,,,Cirsium dissectum,Cirsium palustre,2,34,2,34,Between,No,Within,,,NA,NA,,
555,,NA,,,Cirsium tuberosum,Cirsium acaule,2,34,2,34,Between,No,Within,,,NA,NA,,
556,,NA,,,Cirsium tuberosum,Cirsium palustre,2,34,2,34,Between,No,Within,,,NA,NA,,
557,,NA,,,Cirsium heterophyllum,Cirsium palustre,2,34,2,34,Between,No,Within,,,NA,NA,,
558,,NA,,,Cirsium heterophyllum,Cirsium arvense,2,34,2,34,Between,No,Within,,,NA,NA,,
559,,NA,,,Cirsium acaule,Cirsium palustre,2,34,2,34,Between,No,Within,,,NA,NA,,
560,,NA,,,Cirsium acaule,Cirsium arvense,2,34,2,34,Between,No,Within,,,NA,NA,,
561,,NA,,,Cirsium palustre,Cirsium arvense,2,34,2,34,Between,No,Within,,,NA,NA,,
562,,NA,,44,Centaurea nigra,Centaurea debeauxii,4,44,4,44,Between,No,,Diploids occurr on the continent? Also triple hybrid with jaca,,NA,NA,,
563,,NA,,44,Centaurea nigra,Centaurea jacea,4,44,4,44,Between,No,Within,,,NA,NA,,
564,,NA,,44,Centaurea debeauxii,Centaurea jacea,4,44,4,44,Between,No,Within,"Ecological, morphological and allozymic differentiation between diploid and tetraploid knapweeds (Centaurea jacea) from a contact zone in the Belgian …",,NA,NA,,
565,,NA,,9,Hypochaeris radicata,Hypochaeris glabra,2,8,2,10,Between,No,,,,NA,NA,,
566,,NA,,,Leontodon hispidus,Leontodon saxatilis,2,14,2,8,Between,No,Within,,,NA,NA,,
567,,NA,,12,Tragopogon pratensis,Tragopogon porrifolius,2,12,2,12,Between,No,Within,,,NA,NA,,
568,,NA,,,Sonchus oleraceus,Sonchus asper,4,32,2,18,Between,No,Between,Spontaneous Hybrids between Sonchus asper and S. oleraceus,,NA,NA,,
569,,NA,,Artifical hybrid 27,Pilosella peleteriana,Pilosella officinarum,2,18,Multiple,"18, 27, 36, 45, 54, 63",Between,No,,,,NA,NA,,
570,,NA,,"(27, 36, 45, 54, 63",Pilosella officinarum,Pilosella aurantiaca,Multiple,"18, 27, 36, 45, 54, 63",4,"36 (18, 27, 36, 45, 54, 63, 72)",Between,No,,,,NA,NA,,
571,,NA,,"(18, 27, 36)",Pilosella caespitosa,Pilosella lactucella,Multiple,"(18, 27, 36, 45)",2,18,Between,No,,,,NA,NA,,
572,,NA,,,Solidago virgaurea,Solidago canadensis,2,18,Multiple,"(18, 54)",Between,No,,,,NA,NA,,
573,,NA,,,Symphyotrichum laeve,Symphyotrichum novi-belgii,12,48,12,48,Between,No,Within,Biosystematics of a Western North American Polyploid Complex in the Genus Aster,,NA,NA,,
574,,NA,,,Symphyotrichum novi-belgii,Symphyotrichum lanceolatum,Multiple,"32, 40, 48, 56, 64",Do10,48,Between,No,,Biosystematics of a Western North American Polyploid Complex in the Genus Aster,,NA,NA,,
575,,NA,,,Erigeron acris,Erigeron canadensis,2,18,2,18,Between,No,Within,The biology of Canadian weeds. 115. Conyza canadensis,,NA,NA,,
576,,NA,,,Erigeron acris,Erigeron floribundus,2,18,6,54,Between,No,,,,NA,NA,,
577,,NA,,,Erigeron acris,Erigeron sumatrensis,2,18,6,54,Between,No,,,,NA,NA,,
578,,NA,,,Erigeron canadensis,Erigeron bonariensis,2,18,Multiple,"18, 36, 54",Between,No,,,,NA,NA,,
579,,NA,,34,Artemisia vulgaris,Artemisia verlotiorum,2,16,6,"48, 50, 52, 54",Between,No,,https://www.tandfonline.com/doi/full/10.1080/11263504.2010.522783,,NA,NA,,
580,,NA,,18,Anthemis cotula,Tripleurospermum inodorum,2,18,2,18,Between,No,Within,,,NA,NA,,
581,,NA,,,Leucanthemum lacustre,Leucanthemum maximum,12,108,22,198,Between,No,,Genome Evolution and Polyploidy in Leucanthemum Vulgare Lam. Aggr. (Compositae). Karyotype Analysis and DNA Microdensitometry,,NA,NA,,
582,,NA,,18,Tripleurospermum maritimum,Tripleurospermum inodorum,2,18,2,18,Between,No,Within,Chromosome numbers in Tripleurospermum Sch. Bip. (Asteraceae) and closely related genera: relationships between ploidy level and stomatal length,,NA,NA,,
583,,NA,,,Jacobaea maritima,Jacobaea vulgaris,4,40,4,40,Between,No,Within,,,NA,NA,,
584,,NA,,,Jacobaea maritima,Jacobaea erucifolius,4,40,4,40,Between,No,Within,,,NA,NA,,
585,,NA,,,Jacobaea vulgaris,Jacobaea aquatica,4,40,4,40,Between,No,Within,,,NA,NA,,
586,,NA,,"30, 40, 60",Senecio squalidus,Senecio vulgaris,2,20,4,40,Between,Yes,Between,,,NA,NA,"Senecio cambrensis, Senecio eboracensis",amphidiploid
587,,NA,,30,Senecio squalidus,Senecio viscosus,2,20,4,40,Between,No,Between,,,NA,NA,,
588,,NA,,30,Senecio vulgaris,Senecio leucanthemifolius,4,40,2,20,Between,No,Between,,,NA,NA,,
589,,NA,,40,Senecio sylvaticus,Senecio viscosus,4,40,4,40,Between,No,Within,,,NA,NA,,
590,,NA,,,Doronicum pardalianches,Doronicum plantagineum,2,60,4,120,Between,No,Between,Triple hybrid with D. columnae,"Homoploid hybrid speciation in Doronicum L. (Asteraceae)? Morphological, karyological and molecular evidences",NA,NA,,
591,,NA,,51,Helianthus annuus,Helianthus decapetalus,2,34,Multiple,"34, 68, 102",Between,No,,,,NA,NA,,
592,,NA,,,Gaillardia aristata,Gaillardia pulchella,2,34,2,34,Between,No,Within,Cytological Differentiation in Gaillardia pulchella,,NA,NA,,
593,,NA,,,Viburnum lantana,Viburnum rhytidophyllum,2,18,2,18,Between,No,Within,,,NA,NA,,
594,,NA,,,Dipsacus fullonum,Dipsacus sativus,2,18,2,18,Between,No,Within,,,NA,NA,,
595,,NA,,,Dipsacus fullonum,Dipsacus laciniatus,2,18,2,"16, 18",Between,No,Within,,,NA,NA,,
596,,NA,,,Apium nodiflorum,Apium repens,2,22,2,22,Between,No,Within,,,NA,NA,,
597,,NA,,,Apium nodiflorum,Apium inundatum,2,22,2,22,Between,No,Within,,,NA,NA,,
598,,NA,,,Heracleum sphondylium,Heracleum mantegazzianum,2,22,2,22,Between,No,Within,,,NA,NA,,
599,,NA,,,Arum maculatum,Arum italicum,8,56,12,"83, 84",Between,No,Between,,,NA,NA,,
600,,NA,,"(20, 21)",Alisma plantago-aquatica,Alisma lanceolatum,2,"14 (10, 12, 14, 16)",4,"28 (24, 26, 28)",Between,No,Between,,,NA,NA,,
601,,NA,,40,Potamogeton natans,Potamogeton polygonifolius,4,52,2,28,Between,No,Between,,,NA,NA,,
602,,NA,,52,Potamogeton natans,Potamogeton nodosus,4,52,4,52,Between,No,Within,,,NA,NA,,
603,,NA,,,Potamogeton natans,Potamogeton lucens,4,52,4,52,Between,No,Within,,,NA,NA,,
604,,NA,,,Potamogeton natans,Potamogeton gramineus,4,52,4,52,Between,No,Within,,,NA,NA,,
605,,NA,,52,Potamogeton natans,Potamogeton praelongus,4,52,4,52,Between,No,Within,,,NA,NA,,
606,,NA,,39,Potamogeton natans,Potamogeton berchtoldii,4,52,2,26,Between,No,Between,,,NA,NA,,
607,,NA,,,Potamogeton polygonifolius,Potamogeton gramineus,2,28,4,52,Between,No,Between,,,NA,NA,,
608,,NA,,27,Potamogeton polygonifolius,Potamogeton berchtoldii,2,28,2,26,Between,No,Within,,,NA,NA,,
609,,NA,,40,Potamogeton coloratus,Potamogeton gramineus,2,26 (28),4,52,Between,No,Between,,,NA,NA,,
610,,NA,,,Potamogeton coloratus,Potamogeton berchtoldii,2,26,2,26,Between,No,Within,"A reassessment of the hybrid Potamogeton x gessnacensis G. Fisch.(P. natans x P. polygonifolius, Potamogetonaceae) in Britain",,NA,NA,,
611,,NA,,52,Potamogeton lucens,Potamogeton gramineus,4,52,4,52,Between,No,Within,,,NA,NA,,
612,,NA,,,Potamogeton lucens,Potamogeton alpinus,4,52,4,52,Between,No,Within,,,NA,NA,,
613,,NA,,52,Potamogeton lucens,Potamogeton perfoliatus,4,52,4,52,Between,No,Within,,,NA,NA,,
614,,NA,,,Potamogeton lucens,Potamogeton crispus,4,52,4,52,Between,No,Within,,,NA,NA,,
615,,NA,,,Potamogeton gramineus,Potamogeton alpinus,4,52,4,52,Between,No,Within,,,NA,NA,,
616,,NA,,52,Potamogeton gramineus,Potamogeton perfoliatus,4,52,4,52,Between,No,Within,,,NA,NA,,
617,,NA,,,Potamogeton alpinus,Potamogeton praelongus,4,52,4,52,Between,No,Within,,,NA,NA,,
618,,NA,,,Potamogeton alpinus,Potamogeton perfoliatus,4,52,4,52,Between,No,Within,,,NA,NA,,
619,,NA,,,Potamogeton alpinus,Potamogeton crispus,4,52,4,52,Between,No,Within,,,NA,NA,,
620,,NA,,52,Potamogeton praelongus,Potamogeton perfoliatus,4,52,4,52,Between,No,Within,,,NA,NA,,
621,,NA,,52,Potamogeton perfoliatus,Potamogeton crispus,4,52,4,52,Between,No,Within,,,NA,NA,,
622,,NA,,,Potamogeton friesii,Potamogeton acutifolius,2,26,2,28,Between,No,Within,,,NA,NA,,
623,,NA,,65,Potamogeton friesii,Potamogeton crispus,2,26,4,52,Between,No,Within,,,NA,NA,,
624,,NA,,,Potamogeton pusillus,Potamogeton trichoides,Multiple,"26, 39",2,26,Between,No,,,,NA,NA,,
625,,NA,,,Potamogeton berchtoldii,Potamogeton acutifolius,2,26,2,28,Between,No,,,,NA,NA,,
626,,NA,,,Potamogeton trichoides,Potamogeton crispus,2,26,4,52,Between,No,Between,"A reassessment of the hybrid Potamogeton x gessnacensis G. Fisch.(P. natans x P. polygonifolius, Potamogetonaceae) in Britain",,NA,NA,,
627,,NA,,78,Stuckenia filiformis,Stuckenia pectinata,6,78,6,78,Between,No,Within,,,NA,NA,,
628,,NA,,,Cephalanthera damasonium,Cephalanthera longifolia,2,"32, 36, 54",2,"32, 34",Between,No,,,,NA,NA,,
629,,NA,,,Epipactis atrorubens,Epipactis helleborine,Multiple,"38, 40, 60",4,"36, 38, 40, 44",Between,No,,,,NA,NA,,
630,,NA,,,Epipactis purpurata,Epipactis helleborine,4,40,4,"36, 38, 40, 44",Between,No,,,,NA,NA,,
631,,NA,,,Epipactis helleborine,Epipactis leptochila,4,"36, 38, 40, 44",4,"36, 40",Between,No,,"The colour-differences in Epipactis helleborine (L.) Cr. Wats. & Coult., and the selection of the genetical varieties by environment",,NA,NA,,
632,,NA,,,Platanthera chlorantha,Platanthera bifolia,2,42,2,42,Between,No,Within,,,NA,NA,,
633,,NA,,,Platanthera bifolia,Gymnadenia borealis,2,42,2,40,Between,No,,,,NA,NA,,
635,,NA,,,Pseudorchis albida,Gymnadenia borealis,2,40,2,"40, 42",Between,No,,,,NA,NA,,
636,,NA,,,Pseudorchis albida,Dactylorhiza maculata,2,"40, 42",4,80,Between,No,,,,NA,NA,,
637,,NA,,,Gymnadenia conopsea,Coeloglossum viride,2,40,2,40,Between,No,Within,,,NA,NA,,
638,,NA,,,Gymnadenia borealis,Coeloglossum viride,2,40,2,40,Between,No,Within,,,NA,NA,,
639,,NA,,,Gymnadenia conopsea,Dactylorhiza fuchsii,2,40,2,40,Between,No,Within,,,NA,NA,,
640,,NA,,,Gymnadenia densiflora,Dactylorhiza fuchsii,Multiple,"40, 80",2,40,Between,No,,,,NA,NA,,
641,,NA,,,Gymnadenia borealis,Dactylorhiza fuchsii,2,40,2,40,Between,No,Within,,,NA,NA,,
642,,NA,,,Gymnadenia conopsea,Dactylorhiza maculata,2,40,4,80,Between,No,Between,,,NA,NA,,
643,,NA,,,Gymnadenia borealis,Dactylorhiza maculata,2,40,4,80,Between,No,Between,,,NA,NA,,
644,,NA,,,Gymnadenia borealis,Dactylorhiza incarnata,2,40,2,40,Between,No,Within,,,NA,NA,,
645,,NA,,,Gymnadenia conopsea,Dactylorhiza praetermissa,2,40,4,80,Between,No,Between,,,NA,NA,,
646,,NA,,,Gymnadenia densiflora,Dactylorhiza praetermissa,Multiple,"40, 80",4,80,Between,No,,,,NA,NA,,
647,,NA,,,Gymnadenia conopsea,Dactylorhiza purpurella,2,40,4,80,Between,No,Between,,,NA,NA,,
648,,NA,,,Gymnadenia densiflora,Dactylorhiza purpurella,2,40,4,80,Between,No,Between,,,NA,NA,,
649,,NA,,,Gymnadenia borealis,Dactylorhiza purpurella,2,40,4,80,Between,No,Between,,,NA,NA,,
650,,NA,,,Gymnadenia conopsea,Anacamptis pyramidalis,2,"40 (20, 40, 60, 80, 100)",Multiple,"(20, 36, 42, 54, 72)",Between,No,,,,NA,NA,,
651,,NA,,,Coeloglossum viride,Dactylorhiza fuchsii,2,40,2,40,Between,No,Within,,,NA,NA,,
652,,NA,,,Coeloglossum viride,Dactylorhiza maculata,2,40,4,80,Between,No,Between,,,NA,NA,,
655,,NA,,,Coeloglossum viride,Dactylorhiza purpurella,2,40,4,80,Between,No,Between,,,NA,NA,,
656,,NA,,60,Dactylorhiza fuchsii,Dactylorhiza maculata,2,40,4,80,Between,No,Between,,,NA,NA,,
657,,NA,,40,Dactylorhiza fuchsii,Dactylorhiza incarnata,2,40,2,40,Between,No,Within,,,NA,NA,,
658,,NA,,60,Dactylorhiza fuchsii,Dactylorhiza praetermissa,2,40,4,80,Between,No,Between,,,NA,NA,,
659,,NA,,60,Dactylorhiza fuchsii,Dactylorhiza purpurella,2,40,4,80,Between,No,Between,,,NA,NA,,
660,,NA,,60,Dactylorhiza fuchsii,Dactylorhiza trausteinerioides,2,40,4,80,Between,No,Between,,,NA,NA,,
661,,NA,,,Dactylorhiza fuchsii,Dactylorhiza kerryensis,2,40,4,80,Between,No,Between,,,NA,NA,,
662,,NA,,60,Dactylorhiza maculata,Dactylorhiza incarnata,4,80,2,40,Between,No,Between,,,NA,NA,,
663,,NA,,80,Dactylorhiza maculata,Dactylorhiza praetermissa,4,80,4,80,Between,No,Within,,,NA,NA,,
664,,NA,,,Dactylorhiza maculata,Dactylorhiza purpurella,4,80,4,80,Between,No,Within,,,NA,NA,,
665,,NA,,,Dactylorhiza maculata,Dactylorhiza trausteinerioides,4,80,4,80,Between,No,Within,,,NA,NA,,
666,,NA,,,Dactylorhiza maculata,Dactylorhiza kerryensis,4,80,4,80,Between,No,Within,,,NA,NA,,
667,,NA,,,Dactylorhiza incarnata,Dactylorhiza praetermissa,2,40,4,80,Between,No,Between,,,NA,NA,,
668,,NA,,,Dactylorhiza incarnata,Dactylorhiza purpurella,2,40,4,80,Between,No,Between,,,NA,NA,,
669,,NA,,60,Dactylorhiza incarnata,Dactylorhiza trausteinerioides,2,40,4,80,Between,No,Between,,,NA,NA,,
670,,NA,,,Dactylorhiza incarnata,Dactylorhiza kerryensis,2,40,4,80,Between,No,Between,,,NA,NA,,
671,,NA,,,Dactylorhiza praetermissa,Dactylorhiza purpurella,4,80,4,80,Between,No,Within,,,NA,NA,,
672,,NA,,80,Dactylorhiza praetermissa,Dactylorhiza trausteinerioides,4,80,4,80,Between,No,Within,,,NA,NA,,
673,,NA,,,Dactylorhiza purpurella,Dactylorhiza trausteinerioides,4,80,4,80,Between,No,Within,,,NA,NA,,
675,,NA,,,Orchis purpurea,Orchis simia,2,42,2,42,Between,No,Within,"Fitness variation and genetic diversity in small, remnant populations of the food deceptive orchid Orchis purpurea",,NA,NA,,
676,,NA,,,Orchis purpurea,Orchis anthropophora,2,42,2,42,Between,No,Within,,,NA,NA,,
677,,NA,,,Orchis militaris,Orchis simia,2,42,2,42,Between,No,Within,,,NA,NA,,
678,,NA,,,Orchis simia,Orchis anthropophora,2,42,2,42,Between,No,Within,,,NA,NA,,
679,,NA,,,Orchis mascula,Anacamptis morio,2,42,2,36,Between,No,,,,NA,NA,,
680,,NA,,,Anacamptis laxiflora,Anacamptis morio,2,36,2,36,Between,No,Within,,,NA,NA,,
681,,NA,,,Ophrys insectifera,Ophrys sphegodes,2,36,2,36,Between,No,Within,,,NA,NA,,
682,,NA,,,Ophrys insectifera,Ophrys apifera,2,36,2,36,Between,No,Within,,,NA,NA,,
683,,NA,,,Ophrys sphegodes,Ophrys fuciflora,2,36,2,36,Between,No,Within,,,NA,NA,,
684,,NA,,,Ophrys apifera,Ophrys fuciflora,2,36,2,36,Between,No,Within,,,NA,NA,,
685,,NA,,16,Crocus neapolitanus,Crocus tommasinianus,2,"8, 16",4,16,Between,No,Within,,,NA,NA,,
686,,NA,,,Crocus chrysanthus,Crocus biflorus,Multiple,"(8, 10, 12, 13, 14, 16, 18, 19, 20)",Multiple,"(12, 16, 18, 20, 22)",Between,No,,,,NA,NA,,
687,,NA,,,Crocosmia paniculata,Crocosmia pottsii,Unknown,22,Unknown,22,Between,No,Within,,,NA,NA,,
688,,NA,,,Galanthus nivalis,Galanthus plicatus,Multiple,"24-28, 36, 48",2,24,Between,No,,,,NA,NA,,
689,,NA,,,Galanthus nivalis,Galanthus elwesii,Multiple,"24-28, 36, 48",2,24,Between,No,,,,NA,NA,,
690,,NA,,,Galanthus plicatus,Galanthus elwesii,2,24,2,24,Between,No,Within,,,NA,NA,,
691,,NA,,"17, 24",Narcissus tazetta,Narcissus poeticus,Multiple,"14, 20-24, 28, 30-32",Multiple,"14, 21, 28",Between,No,,,,NA,NA,,
692,,NA,,"17, 24",Narcissus tazetta,Narcissus cyclamineus,Multiple,"14, 20-24, 28, 30-32",Multiple,"14, 28",Between,No,,,,NA,NA,,
693,,NA,,"14, 21, 26, 27, 28, 29",Narcissus poeticus,Narcissus pseudonarcissus,Multiple,"14, 21, 28",Multiple,"14, 43 (14, 15, 21, 22, 27, 28, 30)",Between,No,,,,NA,NA,,
694,,NA,,"14, 21, 27, 28, 29",Narcissus poeticus,Narcissus hispanicus,Multiple,"14, 21, 28",Multiple,14-18,Between,No,,,,NA,NA,,
695,,NA,,"14, 21, 26, 27, 28, 29, 36",Narcissus poeticus,Narcissus pseudonarcissus,Multiple,"14, 21, 28",Multiple,"14, 28, 29",Between,No,,,,NA,NA,,
696,,NA,,14,Narcissus jonquilla,Narcissus pseudonarcissus,2,14,Multiple,"14, 43 (14, 15, 21, 22, 27, 28, 30)",Between,No,,,,NA,NA,,
697,,NA,,"14, 21",Narcissus triandrus,Narcissus pseudonarcissus,Multiple,"14, 21",Multiple,"14, 43 (14, 15, 21, 22, 27, 28, 30)",Between,No,,,,NA,NA,,
698,,NA,Triploid,21,Narcissus pseudonarcissus,Narcissus cyclamineus,Multiple,"14, 43 (14, 15, 21, 22, 27, 28, 30)",2,14,Between,No,,,,NA,NA,,
699,,NA,,35,Narcissus pseudonarcissus,Narcissus cyclamineus,Multiple,"14, 28, 29",2,14,Between,No,Between,,,NA,NA,,
700,,NA,,"19, 28",Polygonatum multiflorum,Polygonatum odoratum,Multiple,"18, 30",Multiple,"20, 26, 28, 29, 30",Between,No,,,,NA,NA,,
701,,NA,,,Scilla forbesii,Scilla bifolia,Unknown,,Unknown,"18, 20, 26 (Russian book)",Between,,,,,NA,NA,,
702,,NA,,"16, 24",Hyacinthoides non-scripta,Hyacinthoides hispanica,Multiple,"16, 24",Multiple,"16, 24",Between,No,,"Diploid, triploid",,NA,NA,,
703,,NA,,,Sparganium emersum,Sparganium angustifolium,2,30,2,30,Between,No,Within,,,NA,NA,,
704,,NA,,,Typha latifolia,Typha angustifolia,2,30,Multiple,"30, 60",Between,No,,,,NA,NA,,
705,,NA,,60,Juncus alpinoarticulatus,Juncus articulatus,4,40,8,80,Between,No,Between,,,NA,NA,,
706,,NA,,60,Juncus articulatus,Juncus acutiflorus,8,80,4,40,Between,No,Between,,,NA,NA,,
707,,NA,,,Juncus compressus,Juncus gerardii,4,"(40, 44)",8,"84 (80, 84)",Between,No,Between,,,NA,NA,,
708,,NA,,84,Juncus balticus,Juncus inflexus,8,84,4,"40, 42",Between,No,Between,,,NA,NA,,
709,,NA,,80-83,Juncus balticus,Juncus effusus,8,84,4,40,Between,No,Between,,,NA,NA,,
710,,NA,,42,Juncus inflexus,Juncus effusus,4,40,4,40,Between,No,Within,,,NA,NA,,
712,,NA,,,Juncus inflexus,Juncus pallidus,4,"40, 42",Unknown,,Between,No,,,,NA,NA,,
713,,NA,,,Juncus effusus,Juncus conglomeratus,4,"40, 42",4,42,Between,No,Within,,,NA,NA,,
714,,NA,,,Juncus effusus,Juncus pallidus,4,"40, 42",Unknown,,Between,No,,,,NA,NA,,
715,,NA,,45,Luzula forsteri,Luzula pilosa,2,24,Unknown,"62, 66",Between,No,Between,,,NA,NA,,
716,,NA,,,Trichophorum cespitosum,Trichophorum cespitosum,Unknown,,Unknown,,Between,,,,,NA,NA,,
717,,NA,,,Eleocharis palustris,Eleocharis uniglumis,Unknown,38,Multiple,"40, 44-48, 50, 88-92",Between,No,,,,NA,NA,,
718,,NA,,42,Schoenoplectus lacustris,Schoenoplectus triqueter,Unknown,42,Unknown,"40, 42",Between,No,Within,,,NA,NA,,
719,,NA,,42,Schoenoplectus tabernaemontani,Schoenoplectus triqueter,Unknown,42,Unknown,42,Between,No,Within,,,NA,NA,,
720,,NA,,,Carex paniculata,Carex appropinquata,,"60, 62, 64",,64,Between,No,Within,,,NA,NA,,
721,,NA,,,Carex paniculata,Carex diandra,,"60, 62, 64",,60,Between,No,Within,,,NA,NA,,
722,,NA,,,Carex paniculata,Carex remota,,"60, 62, 64",,"60, 62",Between,No,Within,,,NA,NA,,
723,,NA,,,Carex paniculata,Carex canescens,,"60, 62, 64",,"56, 62",Between,No,,,,NA,NA,,
724,,NA,,,Carex vulpina,Carex otrubae,,"65, 68",,58,Between,No,,,,NA,NA,,
725,,NA,,,Carex otrubae,Carex spicata,,58,,58,Between,No,Within,,,NA,NA,,
726,,NA,,,Carex otrubae,Carex divulsa,,58,,58,Between,No,Within,,,NA,NA,,
727,,NA,,,Carex otrubae,Carex remota,,58,,"60, 62",Between,No,,,,NA,NA,,
728,,NA,,,Carex muricata,Carex divulsa,,56,,58,Between,No,,,,NA,NA,,
729,,NA,,,Carex divulsa,Carex remota,,58,,"60, 62",Between,No,,,,NA,NA,,
730,,NA,,,Carex echinata,Carex dioica,,58,,52,Between,No,,,,NA,NA,,
731,,NA,,,Carex echinata,Carex canescens,,"56, 62",,58,Between,No,,,,NA,NA,,
732,,NA,,,Carex lachenalii,Carex canescens,,"58, 62, 64",,"56, 62",Between,No,,,,NA,NA,,
733,,NA,,,Carex hirta,Carex vesicaria,,112,,"74, 82",Between,No,,,,NA,NA,,
734,,NA,,,Carex lasiocarpa,Carex riparia,,56,,72,Between,No,,,,NA,NA,,
735,,NA,,,Carex acutiformis,Carex riparia,,38,,72,Between,No,,,,NA,NA,,
736,,NA,,,Carex acutiformis,Carex vesicaria,,38,,"74, 82",Between,No,,,,NA,NA,,
737,,NA,,,Carex acutiformis,Carex acuta,,38,,82-85,Between,No,,,,NA,NA,,
738,,NA,,,Carex riparia,Carex rostrata,,72,,"72-74, 76, 80, 82",Between,No,,,,NA,NA,,
739,,NA,,,Carex riparia,Carex vesicaria,,72,,"74, 82",Between,No,,,,NA,NA,,
740,,NA,,,Carex pseudocyperus,Carex rostrata,,66,,"72-74, 76, 80, 82",Between,No,,,,NA,NA,,
741,,NA,,,Carex rostrata,Carex vesicaria,,"72-74, 76, 80, 82",,"74, 82",Between,No,,,,NA,NA,,
743,,NA,,,Carex vesicaria,Carex saxatilis,,"74, 82",,80,Between,No,,,,NA,NA,,
744,,NA,,,Carex saxatilis,Carex viridula,,80,,68,Between,No,,,,NA,NA,,
745,,NA,,,Carex laevigata,Carex binervis,,"71, 72",,74,Between,No,,,,NA,NA,,
748,,NA,,,Carex binervis,Carex punctata,,74,,68,Between,No,,,,NA,NA,,
749,,NA,,,Carex binervis,Carex viridula,,74,,70,Between,No,,,,NA,NA,,
750,,NA,,,Carex distans,Carex extensa,,74,,60,Between,No,,,,NA,NA,,
751,,NA,,,Carex distans,Carex hostiana,,74,,56,Between,No,,,,NA,NA,,
752,,NA,,,Carex distans,Carex viridula,,74,,68,Between,No,,,,NA,NA,,
753,,NA,,,Carex distans,Carex viridula,,74,,70,Between,No,,,,NA,NA,,
754,,NA,,,Carex distans,Carex pilulifera,,74,,70,Between,No,,,,NA,NA,,
755,,NA,,,Carex hostiana,Carex viridula,,56,,68,Between,No,,,,NA,NA,,
756,,NA,,,Carex hostiana,Carex viridula,,56,,70,Between,No,,,,NA,NA,,
757,,NA,,,Carex hostiana,Carex pilulifera,,56,,70,Between,No,,,,NA,NA,,
758,,NA,,,Carex flava,Carex viridula,,60,,68,Between,No,,,,NA,NA,,
759,,NA,,,Carex flava,Carex viridula,,60,,70,Between,No,,,,NA,NA,,
761,,NA,,,Carex viridula,Carex pilulifera,,70,,70,Between,No,Within,,,NA,NA,,
762,,NA,,74,Carex recta,Carex aquatilis,,"74 (70, 73, 74, 76, 84)",,"76, 77",Between,No,,,,NA,NA,,
763,,NA,,,Carex recta,Carex nigra,,"74 (70, 73, 74, 76, 84)",,"83, 84, 85",Between,No,Within,,,NA,NA,,
764,,NA,,,Carex aquatilis,Carex acuta,,"76, 77",,82-85,Between,No,,,,NA,NA,,
765,,NA,,,Carex aquatilis,Carex nigra,,"76, 77",,83-85,Between,No,,,,NA,NA,,
766,,NA,,,Carex aquatilis,Carex bigelowii,,"76, 77",,"68, 69, 70, 71",Between,No,,,,NA,NA,,
767,,NA,,,Carex acuta,Carex nigra,,82-85,,83-85,Between,No,,,,NA,NA,,
768,,NA,,,Carex acuta,Carex elata,,82-85,,74-77,Between,No,,,,NA,NA,,
769,,NA,,,Carex trinervis,Carex nigra,,,,,Between,,,Only one record of trinervis,,NA,NA,,
770,,NA,,Pollen 37-42,Carex nigra,Carex elata,,83-85,,74-77,Between,No,,,,NA,NA,,
771,,NA,,,Carex nigra,Carex bigelowii,,83-85,,68-71,Between,No,,,,NA,NA,,
772,,NA,,28,Schedonorus pratensis,Schedonorus arundinaceus,2,14,6,42,Between,No,Between,,,NA,NA,,
773,,NA,,Artificial 28,Schedonorus pratensis,Schedonorus giganteus,2,14,6,42,Between,No,Between,,,NA,NA,,
774,,NA,,Wild Swedish... 42,Schedonorus arundinaceus,Schedonorus giganteus,6,42,6,42,Between,No,Within,,,NA,NA,,
775,,NA,,"14, 20, 21",Schedonorus pratensis,Lolium perenne,2,14,2,14,Between,No,Within,,,NA,NA,,
776,,NA,,14,Schedonorus pratensis,Lolium multiflorum,2,14,2,14,Between,No,Within,,,NA,NA,,
777,,NA,,,Scolochloa festucacea,Lolium multiflorum,6,42,2,14,Between,No,Within,,,NA,NA,,
778,,NA,,,Schedonorus giganteus,Lolium perenne,6,42,2,14,Between,No,Within,,,NA,NA,,
779,,NA,,,Schedonorus giganteus,Lolium multiflorum,6,42,2,14,Between,,,No records here in UK,,NA,NA,,
780,,NA,,Artificial hybrids 14,Lolium perenne,Lolium multiflorum,2,14,2,14,Between,No,Within,,,NA,NA,,
781,,NA,,,Lolium multiflorum,Lolium rigidum,,,,,Between,,,hybrids very rare and involving wool aliens,,NA,NA,,
782,,NA,,,Lolium multiflorum,Lolium temulentum,,,,,Between,,,hybrids very rare and involving wool aliens,,NA,NA,,
783,,NA,,,Lolium rigidum,Lolium temulentum,,,,,Between,,,hybrids very rare and involving wool aliens,,NA,NA,,
786,,NA,,42,Festuca rubra,Vulpia fasciculata,8,56,4,28,Between,No,Between,,,NA,NA,,
787,,NA,,35,Festuca rubra,Vulpia fasciculata,6,42,4,28,Between,No,Between,,,NA,NA,,
788,,NA,,42?,Festuca rubra,Vulpia bromoides,6,42,2,14,Between,No,Between,,,NA,NA,,
789,,NA,,42,Festuca rubra,Vulpia myuros,6,42,6,42,Between,No,Within,,,NA,NA,,
790,,NA,,Hybrid with 42 is 49,Puccinellia maritima,Puccinellia distans,8,56,Multiple,"28, 42",Between,No,,"Development and cross-species amplification of microsatellite loci for Puccinellia maritima, an important engineer saltmarsh species",,NA,NA,,
791,,NA,,,Puccinellia maritima,Puccinellia rupestris,8,56,6,42,Between,No,,,,NA,NA,,
792,,NA,,,Puccinellia distans,Puccinellia fasciculata,6,42,4,28,Between,No,Between,,,NA,NA,,
793,,NA,,42,Puccinellia distans,Puccinellia rupestris,6,42,6,42,Between,No,Within,,,NA,NA,,
794,,NA,,21?,Poa infirma,Poa annua,2,14,4,28,Between,,,,,NA,NA,,
795,,NA,,,Poa flexuosa,Poa alpina,6,42,Multiple,"32, 35, 39, 84",Between,No,,,,NA,NA,,
796,,NA,,14,Catapodium rigidum,Catapodium marinum,2,14,Multiple,"14, 28",Between,No,,,,NA,NA,,
797,,NA,,,Avena fatua,Avena sativa,6,42,6,42,Between,No,Within,"Notes on species delimination, species relationships and polyploidy in Avena L.",,NA,NA,,
798,,NA,,35,Koeleria vallesiana,Koeleria macrantha,4,28,Multiple,"42, 14, 28, 49, 63",Between,No,,Nuclear DNA Content Variation among Central European Koeleria Taxa,,NA,NA,,
799,,NA,,21,Holcus lanatus,Holcus mollis,2,14,4,"28, 35, 42, 49",Between,No,Between,A new hypothesis for the origin of pentaploid Holcus from diploid Holcus lanatus L. and tetraploid Holcus mollis L. in France,,NA,NA,,
800,,NA,,35,Agrostis capillaris,Agrostis gigantea,4,28,6,42,Between,No,Between,,,NA,NA,,
801,,NA,,,Agrostis capillaris,Agrostis castellana,4,28,Multiple,"28, 42",Between,No,,,,NA,NA,,
802,,NA,,28,Agrostis capillaris,Agrostis stolonifera,4,28,Multiple,"28, 35, 42",Between,No,,,,NA,NA,,
803,,NA,,,Agrostis capillaris,Agrostis vinealis,4,28,4,28,Between,No,Within,,,NA,NA,,
804,,NA,,35,Agrostis gigantea,Agrostis stolonifera,6,42,Multiple,"28, 35, 42",Between,No,,,,NA,NA,,
805,,NA,,28,Agrostis stolonifera,Agrostis vinealis,4,28,4,28,Between,No,Within,,,NA,NA,,
806,,NA,,,Agrostis stolonifera,Polypogon monspeliensis,4,28,4,28,Between,No,Within,,,NA,NA,,
807,,NA,,28,Agrostis stolonifera,Polypogon viridis,4,28,4,28,Between,No,Within,,,NA,NA,,
808,,NA,,"28, 56",Calamagrostis canescens,Calamagrostis stricta,4,28,4,28,Between,No,Within,,,NA,NA,,
809,,NA,,,Calamagrostis epigejos,Ammophila arenaria,Multiple,"28, 42, 56",Multiple,"28, 56",Between,No,Within,,,NA,NA,,
810,,NA,,,Alopecurus pratensis,Alopecurus geniculatus,4,28,4,28,Between,No,Within,,,NA,NA,,
811,,NA,,21,Alopecurus geniculatus,Alopecurus bulbosus,4,28,Multiple,"14, 21, 28",Between,No,,,,NA,NA,,
812,,NA,,,Alopecurus geniculatus,Alopecurus aequalis,4,28,2,14,Between,No,Between,,,NA,NA,,
813,,NA,,,Glyceria fluitans,Glyceria declinata,4,40,2,20,Between,No,Between,,,NA,NA,,
814,,NA,,,Glyceria fluitans,Glyceria notata,4,40,4,40,Between,No,Within,The cytology of the genus Alopecurus (Gramineae),,NA,NA,,
815,,NA,,28,Bromus hordeaceus,Bromus lepidus,4,28,4,28,Between,No,Within,"Chromosome Engineering in Plants: Genetics, Breeding, Evolution",,NA,NA,,
816,,NA,,"42, 63",Elymus repens,Elymus athericus,6,42,6,42,Between,No,Within,Cytological Evaluation and Karyotype Analysis in Plant Germplasms of Elytrigia Desv.,,NA,NA,,
817,,NA,,35,Elymus repens,Elymus junceiformis,6,42,4,28,Between,No,Between,,,NA,NA,,
818,,NA,,35,Elymus athericus,Elymus junceiformis,6,42,4,28,Between,No,Between,,,NA,NA,,
819,,NA,,,Elymus repens,Hordeum secalinum,6,42,2,14,Between,No,Within,,,NA,NA,,
820,,NA,,28,Secale cereale,Triticum aestivum,2,14,6,42,Between,No,Between,,,NA,NA,,
821,,NA,,"49-66, amphidiploid 120-124",Spartina maritima,Spartina alterniflora,6,60,6,62,Between,Yes,Within?,Ainouche 2008 classic paper,,NA,NA,,